region,subregion,name,party,votes,winner
Baranya vármegye,"Baranya vármegye, 01. számú egyéni választókerület",RUZSA DIÁNA,Tisztelet és Szabadság Párt,35434,True
Baranya vármegye,"Baranya vármegye, 01. számú egyéni választókerület",CZIRÁKI ATTILA,FIDESZ - Magyar Polgári Szövetség-Kereszténydemokrata Néppárt,16883,False
Baranya vármegye,"Baranya vármegye, 01. számú egyéni választókerület",VARGA TAMÁS,Mi Hazánk Mozgalom,2475,False
Baranya vármegye,"Baranya vármegye, 01. számú egyéni választókerület",AUTH ISTVÁN,Demokratikus Koalíció,794,False
Baranya vármegye,"Baranya vármegye, 01. számú egyéni választókerület",ZAKUPSZKI TAMÁS,Magyar Kétfarkú Kutya Párt,439,False
Baranya vármegye,"Baranya vármegye, 01. számú egyéni választókerület",LAJOS MILÁN,Független jelölt,179,False
Baranya vármegye,"Baranya vármegye, 01. számú egyéni választókerület",GÁL ADRIENN,Jobbik Magyarországért Mozgalom,66,False
Baranya vármegye,"Baranya vármegye, 02. számú egyéni választókerület",KOVÁCS ÁRON,Tisztelet és Szabadság Párt,35893,True
Baranya vármegye,"Baranya vármegye, 02. számú egyéni választókerület",HOPPÁL PÉTER,FIDESZ - Magyar Polgári Szövetség-Kereszténydemokrata Néppárt,18121,False
Baranya vármegye,"Baranya vármegye, 02. számú egyéni választókerület",SÁNDOR ZOLTÁN,Mi Hazánk Mozgalom,3116,False
Baranya vármegye,"Baranya vármegye, 02. számú egyéni választókerület",DÉNES ISTVÁN,Demokratikus Koalíció,900,False
Baranya vármegye,"Baranya vármegye, 02. számú egyéni választókerület",BAGYURA MÁRTON,Magyar Kétfarkú Kutya Párt,460,False
Baranya vármegye,"Baranya vármegye, 02. számú egyéni választókerület",KISS BEATRIX,Jobbik Magyarországért Mozgalom,129,False
Baranya vármegye,"Baranya vármegye, 03. számú egyéni választókerület",RÓZSAHEGYI ÁRON,Tisztelet és Szabadság Párt,25405,True
Baranya vármegye,"Baranya vármegye, 03. számú egyéni választókerület",HARGITAI JÁNOS,FIDESZ - Magyar Polgári Szövetség-Kereszténydemokrata Néppárt,23328,False
Baranya vármegye,"Baranya vármegye, 03. számú egyéni választókerület",IPACS SÁNDOR,Mi Hazánk Mozgalom,3033,False
Baranya vármegye,"Baranya vármegye, 03. számú egyéni választókerület",PÁGER FERENC,Demokratikus Koalíció,496,False
Baranya vármegye,"Baranya vármegye, 03. számú egyéni választókerület",PETRIK BARBARA,Jobbik Magyarországért Mozgalom,199,False
Baranya vármegye,"Baranya vármegye, 04. számú egyéni választókerület",KAPRONCZAI BALÁZS,Tisztelet és Szabadság Párt,27914,True
Baranya vármegye,"Baranya vármegye, 04. számú egyéni választókerület",NAGY CSABA,FIDESZ - Magyar Polgári Szövetség-Kereszténydemokrata Néppárt,23505,False
Baranya vármegye,"Baranya vármegye, 04. számú egyéni választókerület",ÁCS JÓZSEF,Mi Hazánk Mozgalom,2600,False
Baranya vármegye,"Baranya vármegye, 04. számú egyéni választókerület",SZARKÁNDINÉ JERSZI KATALIN,Demokratikus Koalíció,530,False
Baranya vármegye,"Baranya vármegye, 04. számú egyéni választókerület",ABDALLAH-MAGDY SZABRINA,Magyar Kétfarkú Kutya Párt,306,False
Baranya vármegye,"Baranya vármegye, 04. számú egyéni választókerület",KÁRPÁTI ZOLTÁN,Jobbik Magyarországért Mozgalom,204,False
Baranya vármegye,"Baranya vármegye, 04. számú egyéni választókerület",BEKE ERZSÉBET,Nemzetegyesítő Mozgalom a Szentkorona Országaiért,42,False
Borsod-Abaúj-Zemplén vármegye,"Borsod-Abaúj-Zemplén vármegye, 01. számú egyéni választókerület",JUHÁSZ ROLAND,Tisztelet és Szabadság Párt,32545,True
Borsod-Abaúj-Zemplén vármegye,"Borsod-Abaúj-Zemplén vármegye, 01. számú egyéni választókerület",CSÖBÖR KATALIN,FIDESZ - Magyar Polgári Szövetség-Kereszténydemokrata Néppárt,16921,False
Borsod-Abaúj-Zemplén vármegye,"Borsod-Abaúj-Zemplén vármegye, 01. számú egyéni választókerület",MIKLÓS ÁRPÁD FERENC,Mi Hazánk Mozgalom,2900,False
Borsod-Abaúj-Zemplén vármegye,"Borsod-Abaúj-Zemplén vármegye, 01. számú egyéni választókerület",JAKAB PÉTER,Demokratikus Koalíció,1083,False
Borsod-Abaúj-Zemplén vármegye,"Borsod-Abaúj-Zemplén vármegye, 01. számú egyéni választókerület",SZOLNOKI GÁBOR,Magyar Kétfarkú Kutya Párt,322,False
Borsod-Abaúj-Zemplén vármegye,"Borsod-Abaúj-Zemplén vármegye, 01. számú egyéni választókerület",DOHÁNYNÉ VARRÓ ANNA,Független jelölt,273,False
Borsod-Abaúj-Zemplén vármegye,"Borsod-Abaúj-Zemplén vármegye, 01. számú egyéni választókerület",KEREKES EDIT,Jobbik Magyarországért Mozgalom,92,False
Borsod-Abaúj-Zemplén vármegye,"Borsod-Abaúj-Zemplén vármegye, 01. számú egyéni választókerület",FARKAS DÁVID,A SZOLIDARITÁS PÁRTJA-Magyar Munkáspárt,41,False
Borsod-Abaúj-Zemplén vármegye,"Borsod-Abaúj-Zemplén vármegye, 02. számú egyéni választókerület",CZIPA ANDRÁS,Tisztelet és Szabadság Párt,31416,True
Borsod-Abaúj-Zemplén vármegye,"Borsod-Abaúj-Zemplén vármegye, 02. számú egyéni választókerület",HOLLÓSY ANDRÁS,FIDESZ - Magyar Polgári Szövetség-Kereszténydemokrata Néppárt,16260,False
Borsod-Abaúj-Zemplén vármegye,"Borsod-Abaúj-Zemplén vármegye, 02. számú egyéni választókerület",PAKUSZA ZOLTÁN,Mi Hazánk Mozgalom,3173,False
Borsod-Abaúj-Zemplén vármegye,"Borsod-Abaúj-Zemplén vármegye, 02. számú egyéni választókerület",MOKRAI MIHÁLY,Demokratikus Koalíció,498,False
Borsod-Abaúj-Zemplén vármegye,"Borsod-Abaúj-Zemplén vármegye, 02. számú egyéni választókerület",DOHÁNY ANDRÁS,Független jelölt,305,False
Borsod-Abaúj-Zemplén vármegye,"Borsod-Abaúj-Zemplén vármegye, 02. számú egyéni választókerület",BLAU VIRÁG,Magyar Kétfarkú Kutya Párt,288,False
Borsod-Abaúj-Zemplén vármegye,"Borsod-Abaúj-Zemplén vármegye, 02. számú egyéni választókerület",KOVÁCS IMRE ISTVÁN,Jobbik Magyarországért Mozgalom,117,False
Borsod-Abaúj-Zemplén vármegye,"Borsod-Abaúj-Zemplén vármegye, 02. számú egyéni választókerület",GYAPJAS SÁNDOR,A SZOLIDARITÁS PÁRTJA-Magyar Munkáspárt,32,False
Borsod-Abaúj-Zemplén vármegye,"Borsod-Abaúj-Zemplén vármegye, 03. számú egyéni választókerület",CSUZDA GÁBOR,FIDESZ - Magyar Polgári Szövetség-Kereszténydemokrata Néppárt,20983,True
Borsod-Abaúj-Zemplén vármegye,"Borsod-Abaúj-Zemplén vármegye, 03. számú egyéni választókerület",NÉMETH CSILLA,Tisztelet és Szabadság Párt,20399,False
Borsod-Abaúj-Zemplén vármegye,"Borsod-Abaúj-Zemplén vármegye, 03. számú egyéni választókerület",VARGA BALÁZS,Mi Hazánk Mozgalom,2529,False
Borsod-Abaúj-Zemplén vármegye,"Borsod-Abaúj-Zemplén vármegye, 03. számú egyéni választókerület",VILCSEK ERNŐ,Jobbik Magyarországért Mozgalom,341,False
Borsod-Abaúj-Zemplén vármegye,"Borsod-Abaúj-Zemplén vármegye, 03. számú egyéni választókerület",MOLNÁR ZOLTÁN,Demokratikus Koalíció,314,False
Borsod-Abaúj-Zemplén vármegye,"Borsod-Abaúj-Zemplén vármegye, 03. számú egyéni választókerület",DÖME ZSUZSANNA,Magyar Kétfarkú Kutya Párt,185,False
Borsod-Abaúj-Zemplén vármegye,"Borsod-Abaúj-Zemplén vármegye, 03. számú egyéni választókerület",BAGDI PIROSKA JUDIT,Független jelölt,62,False
Borsod-Abaúj-Zemplén vármegye,"Borsod-Abaúj-Zemplén vármegye, 03. számú egyéni választókerület",PAPPNÉ SUSZTER ANNA,A SZOLIDARITÁS PÁRTJA-Magyar Munkáspárt,46,False
Borsod-Abaúj-Zemplén vármegye,"Borsod-Abaúj-Zemplén vármegye, 03. számú egyéni választókerület",MÁTÉ SÁNDOR,Középen Állók Pártja,18,False
Borsod-Abaúj-Zemplén vármegye,"Borsod-Abaúj-Zemplén vármegye, 03. számú egyéni választókerület",HARKÁLY CSABA,Független jelölt,0,False
Borsod-Abaúj-Zemplén vármegye,"Borsod-Abaúj-Zemplén vármegye, 04. számú egyéni választókerület",HATALA-OROSZ CSABA,Tisztelet és Szabadság Párt,27645,True
Borsod-Abaúj-Zemplén vármegye,"Borsod-Abaúj-Zemplén vármegye, 04. számú egyéni választókerület",DEMETER ZOLTÁN,FIDESZ - Magyar Polgári Szövetség-Kereszténydemokrata Néppárt,19506,False
Borsod-Abaúj-Zemplén vármegye,"Borsod-Abaúj-Zemplén vármegye, 04. számú egyéni választókerület",FISZTER ZSUZSANNA,Mi Hazánk Mozgalom,3464,False
Borsod-Abaúj-Zemplén vármegye,"Borsod-Abaúj-Zemplén vármegye, 04. számú egyéni választókerület",VARGA GERGŐ,Demokratikus Koalíció,522,False
Borsod-Abaúj-Zemplén vármegye,"Borsod-Abaúj-Zemplén vármegye, 04. számú egyéni választókerület",PAP FERENC,A SZOLIDARITÁS PÁRTJA-Magyar Munkáspárt,107,False
Borsod-Abaúj-Zemplén vármegye,"Borsod-Abaúj-Zemplén vármegye, 05. számú egyéni választókerület",LONTAY LÁSZLÓ,Tisztelet és Szabadság Párt,25284,True
Borsod-Abaúj-Zemplén vármegye,"Borsod-Abaúj-Zemplén vármegye, 05. számú egyéni választókerület",BÁNNÉ DR. GÁL BOGLÁRKA,FIDESZ - Magyar Polgári Szövetség-Kereszténydemokrata Néppárt,21912,False
Borsod-Abaúj-Zemplén vármegye,"Borsod-Abaúj-Zemplén vármegye, 05. számú egyéni választókerület",PASZTORNICZKY ISTVÁN,Mi Hazánk Mozgalom,2284,False
Borsod-Abaúj-Zemplén vármegye,"Borsod-Abaúj-Zemplén vármegye, 05. számú egyéni választókerület",HAUSEL IMRE,Demokratikus Koalíció,327,False
Borsod-Abaúj-Zemplén vármegye,"Borsod-Abaúj-Zemplén vármegye, 05. számú egyéni választókerület",MOLNÁR SÁMUEL LÁSZLÓ,Magyar Kétfarkú Kutya Párt,198,False
Borsod-Abaúj-Zemplén vármegye,"Borsod-Abaúj-Zemplén vármegye, 05. számú egyéni választókerület",ORMOS TAS ZSOLT,Jobbik Magyarországért Mozgalom,117,False
Borsod-Abaúj-Zemplén vármegye,"Borsod-Abaúj-Zemplén vármegye, 05. számú egyéni választókerület",BALOGHNÉ RUSZNYÁK SAROLTA,Független jelölt,68,False
Borsod-Abaúj-Zemplén vármegye,"Borsod-Abaúj-Zemplén vármegye, 05. számú egyéni választókerület",OLÁH ZSOLT,Középen Állók Pártja,43,False
Borsod-Abaúj-Zemplén vármegye,"Borsod-Abaúj-Zemplén vármegye, 05. számú egyéni választókerület",MAKULA GÁBRIEL,Normális Élet Pártja,26,False
Borsod-Abaúj-Zemplén vármegye,"Borsod-Abaúj-Zemplén vármegye, 05. számú egyéni választókerület",MAGOSI RÓBERT,A SZOLIDARITÁS PÁRTJA-Magyar Munkáspárt,16,False
Borsod-Abaúj-Zemplén vármegye,"Borsod-Abaúj-Zemplén vármegye, 06. számú egyéni választókerület",BIHARI ZOLTÁN,Tisztelet és Szabadság Párt,28528,True
Borsod-Abaúj-Zemplén vármegye,"Borsod-Abaúj-Zemplén vármegye, 06. számú egyéni választókerület",KONCZ ZSÓFIA,FIDESZ - Magyar Polgári Szövetség-Kereszténydemokrata Néppárt,24086,False
Borsod-Abaúj-Zemplén vármegye,"Borsod-Abaúj-Zemplén vármegye, 06. számú egyéni választókerület",NYITRAI ATTILA,Mi Hazánk Mozgalom,2563,False
Borsod-Abaúj-Zemplén vármegye,"Borsod-Abaúj-Zemplén vármegye, 06. számú egyéni választókerület",WIEDERMANN ATTILA,Demokratikus Koalíció,378,False
Borsod-Abaúj-Zemplén vármegye,"Borsod-Abaúj-Zemplén vármegye, 06. számú egyéni választókerület",SZLOBODNIK LÁSZLÓ,Jobbik Magyarországért Mozgalom,115,False
Borsod-Abaúj-Zemplén vármegye,"Borsod-Abaúj-Zemplén vármegye, 06. számú egyéni választókerület",SZABÓ GÉZA,A SZOLIDARITÁS PÁRTJA-Magyar Munkáspárt,51,False
Borsod-Abaúj-Zemplén vármegye,"Borsod-Abaúj-Zemplén vármegye, 07. számú egyéni választókerület",CSÉZI ERZSÉBET,Tisztelet és Szabadság Párt,29812,True
Borsod-Abaúj-Zemplén vármegye,"Borsod-Abaúj-Zemplén vármegye, 07. számú egyéni választókerület",TÁLLAI ANDRÁS,FIDESZ - Magyar Polgári Szövetség-Kereszténydemokrata Néppárt,22217,False
Borsod-Abaúj-Zemplén vármegye,"Borsod-Abaúj-Zemplén vármegye, 07. számú egyéni választókerület",SZAJLAI JÁNOS,Mi Hazánk Mozgalom,3302,False
Borsod-Abaúj-Zemplén vármegye,"Borsod-Abaúj-Zemplén vármegye, 07. számú egyéni választókerület",SERMER ÁDÁM,Demokratikus Koalíció,357,False
Borsod-Abaúj-Zemplén vármegye,"Borsod-Abaúj-Zemplén vármegye, 07. számú egyéni választókerület",KOVÁTS GÁBOR,Magyar Kétfarkú Kutya Párt,309,False
Borsod-Abaúj-Zemplén vármegye,"Borsod-Abaúj-Zemplén vármegye, 07. számú egyéni választókerület",GÖNCZI GYÖRGY,Jobbik Magyarországért Mozgalom,174,False
Borsod-Abaúj-Zemplén vármegye,"Borsod-Abaúj-Zemplén vármegye, 07. számú egyéni választókerület",FORGÁCS VALTER ZSOLT,A SZOLIDARITÁS PÁRTJA-Magyar Munkáspárt,37,False
Budapest főváros,"Budapest főváros, 01. számú egyéni választókerület",TANÁCS ZOLTÁN,Tisztelet és Szabadság Párt,37803,True
Budapest főváros,"Budapest főváros, 01. számú egyéni választókerület",FAZEKAS CSILLA,FIDESZ - Magyar Polgári Szövetség-Kereszténydemokrata Néppárt,18391,False
Budapest főváros,"Budapest főváros, 01. számú egyéni választókerület",NAGY ATTILA,Mi Hazánk Mozgalom,1948,False
Budapest főváros,"Budapest főváros, 01. számú egyéni választókerület",SZINTAY ISTVÁN,Magyar Kétfarkú Kutya Párt,978,False
Budapest főváros,"Budapest főváros, 01. számú egyéni választókerület",HERFORT MARIETTA,Demokratikus Koalíció,770,False
Budapest főváros,"Budapest főváros, 01. számú egyéni választókerület",VÁRKONYI ZOLTÁN,A SZOLIDARITÁS PÁRTJA-Magyar Munkáspárt,66,False
Budapest főváros,"Budapest főváros, 02. számú egyéni választókerület",BÓDIS KRISZTA,Tisztelet és Szabadság Párt,35772,True
Budapest főváros,"Budapest főváros, 02. számú egyéni választókerület",FERENCZ ORSOLYA,FIDESZ - Magyar Polgári Szövetség-Kereszténydemokrata Néppárt,16512,False
Budapest főváros,"Budapest főváros, 02. számú egyéni választókerület",KVACSKAY KÁROLY,Mi Hazánk Mozgalom,1929,False
Budapest főváros,"Budapest főváros, 02. számú egyéni választókerület",GERGELY ANDREA,Magyar Kétfarkú Kutya Párt,717,False
Budapest főváros,"Budapest főváros, 02. számú egyéni választókerület",HALMAI RICHÁRD,Demokratikus Koalíció,582,False
Budapest főváros,"Budapest főváros, 02. számú egyéni választókerület",CSÁRDI ANTAL,Független jelölt,511,False
Budapest főváros,"Budapest főváros, 02. számú egyéni választókerület",SIMON GYÖRGY,A SZOLIDARITÁS PÁRTJA-Magyar Munkáspárt,47,False
Budapest főváros,"Budapest főváros, 03. számú egyéni választókerület",MAGYAR PÉTER,Tisztelet és Szabadság Párt,43112,True
Budapest főváros,"Budapest főváros, 03. számú egyéni választókerület",STEINER ATTILA,FIDESZ - Magyar Polgári Szövetség-Kereszténydemokrata Néppárt,20248,False
Budapest főváros,"Budapest főváros, 03. számú egyéni választókerület",GRUNDTNER ANDRÁS,Mi Hazánk Mozgalom,2315,False
Budapest főváros,"Budapest főváros, 03. számú egyéni választókerület",BÜRGER ZOLTÁN,Magyar Kétfarkú Kutya Párt,1112,False
Budapest főváros,"Budapest főváros, 03. számú egyéni választókerület",GRÉCZI ZSOLT,Demokratikus Koalíció,860,False
Budapest főváros,"Budapest főváros, 03. számú egyéni választókerület",BARABÁS GYÖRGY LÁSZLÓ,A SZOLIDARITÁS PÁRTJA-Magyar Munkáspárt,67,False
Budapest főváros,"Budapest főváros, 04. számú egyéni választókerület",KONCZ ÁRON,Tisztelet és Szabadság Párt,45212,True
Budapest főváros,"Budapest főváros, 04. számú egyéni választókerület",FÜLÖP ATTILA,FIDESZ - Magyar Polgári Szövetség-Kereszténydemokrata Néppárt,19994,False
Budapest főváros,"Budapest főváros, 04. számú egyéni választókerület",BINDER CSABA,Mi Hazánk Mozgalom,2103,False
Budapest főváros,"Budapest főváros, 04. számú egyéni választókerület",PILISI EMÍLIA,Magyar Kétfarkú Kutya Párt,990,False
Budapest főváros,"Budapest főváros, 04. számú egyéni választókerület",HEGYESI BEÁTA,Demokratikus Koalíció,819,False
Budapest főváros,"Budapest főváros, 04. számú egyéni választókerület",TORDAI BENCE,Független jelölt,0,False
Budapest főváros,"Budapest főváros, 05. számú egyéni választókerület",WEIGAND ISTVÁN,Tisztelet és Szabadság Párt,42668,True
Budapest főváros,"Budapest főváros, 05. számú egyéni választókerület",KOVÁCS BALÁZS NORBERT,FIDESZ - Magyar Polgári Szövetség-Kereszténydemokrata Néppárt,14769,False
Budapest főváros,"Budapest főváros, 05. számú egyéni választókerület",EDŐCS BEÁTA,Mi Hazánk Mozgalom,2344,False
Budapest főváros,"Budapest főváros, 05. számú egyéni választókerület",KESZTHELYI DOROTTYA,Demokratikus Koalíció,1578,False
Budapest főváros,"Budapest főváros, 05. számú egyéni választókerület",OLÁH JÁNOS,Magyar Kétfarkú Kutya Párt,845,False
Budapest főváros,"Budapest főváros, 06. számú egyéni választókerület",VELKEY GYÖRGY LÁSZLÓ,Tisztelet és Szabadság Párt,33953,True
Budapest főváros,"Budapest főváros, 06. számú egyéni választókerület",RADICS BÉLA,FIDESZ - Magyar Polgári Szövetség-Kereszténydemokrata Néppárt,15612,False
Budapest főváros,"Budapest főváros, 06. számú egyéni választókerület",HADHÁZY ÁKOS,Független jelölt,10207,False
Budapest főváros,"Budapest főváros, 06. számú egyéni választókerület",PÉRCSI VIKTÓRIA,Mi Hazánk Mozgalom,2825,False
Budapest főváros,"Budapest főváros, 06. számú egyéni választókerület",NAGY DÁVID,Magyar Kétfarkú Kutya Párt,730,False
Budapest főváros,"Budapest főváros, 06. számú egyéni választókerület",KOMÁROMI ZOLTÁN,Demokratikus Koalíció,0,False
Budapest főváros,"Budapest főváros, 07. számú egyéni választókerület",TRENTIN BALÁZS,Tisztelet és Szabadság Párt,38809,True
Budapest főváros,"Budapest főváros, 07. számú egyéni választókerület",D. KOVÁCS RÓBERT ANTAL,FIDESZ - Magyar Polgári Szövetség-Kereszténydemokrata Néppárt,17340,False
Budapest főváros,"Budapest főváros, 07. számú egyéni választókerület",CZEGLÉDI JÁNOS,Mi Hazánk Mozgalom,2561,False
Budapest főváros,"Budapest főváros, 07. számú egyéni választókerület",ARATÓ GERGELY,Demokratikus Koalíció,1287,False
Budapest főváros,"Budapest főváros, 07. számú egyéni választókerület",KLING OND,Magyar Kétfarkú Kutya Párt,639,False
Budapest főváros,"Budapest főváros, 07. számú egyéni választókerület",VÉKONY CSONGOR,Független jelölt,305,False
Budapest főváros,"Budapest főváros, 08. számú egyéni választókerület",VIRÁGH GABRIELLA,Tisztelet és Szabadság Párt,40918,True
Budapest főváros,"Budapest főváros, 08. számú egyéni választókerület",TARNAI RICHÁRD,FIDESZ - Magyar Polgári Szövetség-Kereszténydemokrata Néppárt,18843,False
Budapest főváros,"Budapest főváros, 08. számú egyéni választókerület",FEKETE GYÖRGY,Mi Hazánk Mozgalom,3184,False
Budapest főváros,"Budapest főváros, 08. számú egyéni választókerület",FERANCZ NORBERT,Magyar Kétfarkú Kutya Párt,1007,False
Budapest főváros,"Budapest főváros, 08. számú egyéni választókerület",KATONA TIBOR,A SZOLIDARITÁS PÁRTJA-Magyar Munkáspárt,277,False
Budapest főváros,"Budapest főváros, 08. számú egyéni választókerület",KUNHALMI ÁGNES,Független jelölt,0,False
Budapest főváros,"Budapest főváros, 09. számú egyéni választókerület",KÁTAI-NÉMETH VILMOS,Tisztelet és Szabadság Párt,36852,True
Budapest főváros,"Budapest főváros, 09. számú egyéni választókerület",KIRÁLY NÓRA,FIDESZ - Magyar Polgári Szövetség-Kereszténydemokrata Néppárt,17538,False
Budapest főváros,"Budapest főváros, 09. számú egyéni választókerület",RIZMAYERNÉ CSIK ERZSÉBET,Mi Hazánk Mozgalom,3164,False
Budapest főváros,"Budapest főváros, 09. számú egyéni választókerület",VADAI ATTILA,Demokratikus Koalíció,1014,False
Budapest főváros,"Budapest főváros, 09. számú egyéni választókerület",KISS KORNÉL,Magyar Kétfarkú Kutya Párt,758,False
Budapest főváros,"Budapest főváros, 09. számú egyéni választókerület",PÁL ÉVA,A SZOLIDARITÁS PÁRTJA-Magyar Munkáspárt,134,False
Budapest főváros,"Budapest főváros, 10. számú egyéni választókerület",KULCSÁR KRISZTIÁN,Tisztelet és Szabadság Párt,41542,True
Budapest főváros,"Budapest főváros, 10. számú egyéni választókerület",KOCSONDI MÁRK,FIDESZ - Magyar Polgári Szövetség-Kereszténydemokrata Néppárt,18829,False
Budapest főváros,"Budapest főváros, 10. számú egyéni választókerület",NOVÁK ELŐD,Mi Hazánk Mozgalom,3277,False
Budapest főváros,"Budapest főváros, 10. számú egyéni választókerület",MOLNÁR GYULA,Demokratikus Koalíció,1184,False
Budapest főváros,"Budapest főváros, 10. számú egyéni választókerület",NEULINGER ÁGNES,Magyar Kétfarkú Kutya Párt,914,False
Budapest főváros,"Budapest főváros, 11. számú egyéni választókerület",BODA NIKOLETTA,Tisztelet és Szabadság Párt,43122,True
Budapest főváros,"Budapest főváros, 11. számú egyéni választókerület",GYEPES ÁDÁM,FIDESZ - Magyar Polgári Szövetség-Kereszténydemokrata Néppárt,18685,False
Budapest főváros,"Budapest főváros, 11. számú egyéni választókerület",MAROSVÖLGYI ANNA,Mi Hazánk Mozgalom,3214,False
Budapest főváros,"Budapest főváros, 11. számú egyéni választókerület",NAGY RICHÁRD GYÖRGY,Demokratikus Koalíció,1228,False
Budapest főváros,"Budapest főváros, 11. számú egyéni választókerület",TÓTH KÁLMÁN,Magyar Kétfarkú Kutya Párt,823,False
Budapest főváros,"Budapest főváros, 11. számú egyéni választókerület",SZABÓ TIMEA,Független jelölt,0,False
Budapest főváros,"Budapest főváros, 11. számú egyéni választókerület",ZSIGA-KÁRPÁT DÁNIEL,Jobbik Magyarországért Mozgalom,0,False
Budapest főváros,"Budapest főváros, 12. számú egyéni választókerület",JAKAB ZSUZSANNA,Tisztelet és Szabadság Párt,41359,True
Budapest főváros,"Budapest főváros, 12. számú egyéni választókerület",ZSIGMOND BARNA PÁL,FIDESZ - Magyar Polgári Szövetség-Kereszténydemokrata Néppárt,16505,False
Budapest főváros,"Budapest főváros, 12. számú egyéni választókerület",BALOG CSABA,Mi Hazánk Mozgalom,2909,False
Budapest főváros,"Budapest főváros, 12. számú egyéni választókerület",VARJU LÁSZLÓ,Demokratikus Koalíció,2625,False
Budapest főváros,"Budapest főváros, 12. számú egyéni választókerület",NAGY DÁVID,Magyar Kétfarkú Kutya Párt,877,False
Budapest főváros,"Budapest főváros, 13. számú egyéni választókerület",MÜLLER ANNA,Tisztelet és Szabadság Párt,38873,True
Budapest főváros,"Budapest főváros, 13. számú egyéni választókerület",NÉMETH BALÁZS,FIDESZ - Magyar Polgári Szövetség-Kereszténydemokrata Néppárt,17368,False
Budapest főváros,"Budapest főváros, 13. számú egyéni választókerület",BARTAL ANDRÁS,Mi Hazánk Mozgalom,3758,False
Budapest főváros,"Budapest főváros, 13. számú egyéni választókerület",BARKÓCZI BALÁZS,Demokratikus Koalíció,2564,False
Budapest főváros,"Budapest főváros, 13. számú egyéni választókerület",BORKUTI BÁLINT,Magyar Kétfarkú Kutya Párt,802,False
Budapest főváros,"Budapest főváros, 13. számú egyéni választókerület",KÖRMENDI GÁBOR ATTILA,A SZOLIDARITÁS PÁRTJA-Magyar Munkáspárt,81,False
Budapest főváros,"Budapest főváros, 14. számú egyéni választókerület",SZABÓ ALEXANDRA,Tisztelet és Szabadság Párt,40491,True
Budapest főváros,"Budapest főváros, 14. számú egyéni választókerület",SZATMÁRY KRISTÓF,FIDESZ - Magyar Polgári Szövetség-Kereszténydemokrata Néppárt,20990,False
Budapest főváros,"Budapest főváros, 14. számú egyéni választókerület",ZSIDRÓ LÁSZLÓ,Mi Hazánk Mozgalom,2586,False
Budapest főváros,"Budapest főváros, 14. számú egyéni választókerület",KOCSIS-CAKE OLIVIO,Demokratikus Koalíció,785,False
Budapest főváros,"Budapest főváros, 14. számú egyéni választókerület",BOMBICZ TAMÁS,Magyar Kétfarkú Kutya Párt,535,False
Budapest főváros,"Budapest főváros, 14. számú egyéni választókerület",DARÓCZI ZOLTÁN,Független jelölt,271,False
Budapest főváros,"Budapest főváros, 14. számú egyéni választókerület",SZANYI TIBOR,Független jelölt,152,False
Budapest főváros,"Budapest főváros, 15. számú egyéni választókerület",PORCHER ÁRON,Tisztelet és Szabadság Párt,41523,True
Budapest főváros,"Budapest főváros, 15. számú egyéni választókerület",DUNAI MÓNIKA,FIDESZ - Magyar Polgári Szövetség-Kereszténydemokrata Néppárt,20752,False
Budapest főváros,"Budapest főváros, 15. számú egyéni választókerület",SOMOGYINÉ HATVANI ZSUZSANNA,Mi Hazánk Mozgalom,3386,False
Budapest főváros,"Budapest főváros, 15. számú egyéni választókerület",GY. NÉMETH ERZSÉBET,Demokratikus Koalíció,1121,False
Budapest főváros,"Budapest főváros, 15. számú egyéni választókerület",SZIN RICHÁRD,Magyar Kétfarkú Kutya Párt,666,False
Budapest főváros,"Budapest főváros, 15. számú egyéni választókerület",GÁL PÉTER,A SZOLIDARITÁS PÁRTJA-Magyar Munkáspárt,105,False
Budapest főváros,"Budapest főváros, 15. számú egyéni választókerület",FARKAS TÍMEA,Normális Élet Pártja,77,False
Budapest főváros,"Budapest főváros, 16. számú egyéni választókerület",TARR ZOLTÁN,Tisztelet és Szabadság Párt,40693,True
Budapest főváros,"Budapest főváros, 16. számú egyéni választókerület",FÖLDESI GYULA,FIDESZ - Magyar Polgári Szövetség-Kereszténydemokrata Néppárt,20127,False
Budapest főváros,"Budapest főváros, 16. számú egyéni választókerület",KOVÁCS ATTILA,Mi Hazánk Mozgalom,3514,False
Budapest főváros,"Budapest főváros, 16. számú egyéni választókerület",HILLER ISTVÁN,Független jelölt,2132,False
Budapest főváros,"Budapest főváros, 16. számú egyéni választókerület",BÁNYAI AMIR ATTILA,Demokratikus Koalíció,793,False
Budapest főváros,"Budapest főváros, 16. számú egyéni választókerület",VALENTIN ANDRÁS,Magyar Kétfarkú Kutya Párt,674,False
Budapest főváros,"Budapest főváros, 16. számú egyéni választókerület",BERECZKI MIKLÓS,Független jelölt,226,False
Budapest főváros,"Budapest főváros, 16. számú egyéni választókerület",SZABÓ-KELLNER KATALIN,LMP- Magyarország Zöld Pártja,163,False
Budapest főváros,"Budapest főváros, 16. számú egyéni választókerület",SZÉKELY SÁNDOR,A SZOLIDARITÁS PÁRTJA-Magyar Munkáspárt,51,False
Bács-Kiskun vármegye,"Bács-Kiskun vármegye, 01. számú egyéni választókerület",CSŐSZI ATTILA,Tisztelet és Szabadság Párt,27753,True
Bács-Kiskun vármegye,"Bács-Kiskun vármegye, 01. számú egyéni választókerület",SALACZ LÁSZLÓ,FIDESZ - Magyar Polgári Szövetség-Kereszténydemokrata Néppárt,21063,False
Bács-Kiskun vármegye,"Bács-Kiskun vármegye, 01. számú egyéni választókerület",ANDRÁS KÁROLY,Mi Hazánk Mozgalom,3611,False
Bács-Kiskun vármegye,"Bács-Kiskun vármegye, 01. számú egyéni választókerület",PAPP DÁVID,Magyar Kétfarkú Kutya Párt,525,False
Bács-Kiskun vármegye,"Bács-Kiskun vármegye, 02. számú egyéni választókerület",MOLNÁR JÁNOS,Tisztelet és Szabadság Párt,32688,True
Bács-Kiskun vármegye,"Bács-Kiskun vármegye, 02. számú egyéni választókerület",CSEH TAMÁS,FIDESZ - Magyar Polgári Szövetség-Kereszténydemokrata Néppárt,20373,False
Bács-Kiskun vármegye,"Bács-Kiskun vármegye, 02. számú egyéni választókerület",HÓDI ZSUZSANNA,Mi Hazánk Mozgalom,3461,False
Bács-Kiskun vármegye,"Bács-Kiskun vármegye, 02. számú egyéni választókerület",KARIKÓ ÁGNES,Magyar Kétfarkú Kutya Párt,555,False
Bács-Kiskun vármegye,"Bács-Kiskun vármegye, 02. számú egyéni választókerület",SIMON ANITA ÉVA,Demokratikus Koalíció,452,False
Bács-Kiskun vármegye,"Bács-Kiskun vármegye, 02. számú egyéni választókerület",BALANYI ISTVÁN,A SZOLIDARITÁS PÁRTJA-Magyar Munkáspárt,56,False
Bács-Kiskun vármegye,"Bács-Kiskun vármegye, 02. számú egyéni választókerület",SZENTGYÖRGYI TIBOR VIKTOR,Független jelölt,0,False
Bács-Kiskun vármegye,"Bács-Kiskun vármegye, 03. számú egyéni választókerület",JUDÁK ZSOLT,Tisztelet és Szabadság Párt,24958,True
Bács-Kiskun vármegye,"Bács-Kiskun vármegye, 03. számú egyéni választókerület",FONT SÁNDOR,FIDESZ - Magyar Polgári Szövetség-Kereszténydemokrata Néppárt,20257,False
Bács-Kiskun vármegye,"Bács-Kiskun vármegye, 03. számú egyéni választókerület",SZABÓ PATRIK,Mi Hazánk Mozgalom,2952,False
Bács-Kiskun vármegye,"Bács-Kiskun vármegye, 03. számú egyéni választókerület",KÓKAI KATALIN,Demokratikus Koalíció,754,False
Bács-Kiskun vármegye,"Bács-Kiskun vármegye, 03. számú egyéni választókerület",KŐSZEGI MIHÁLY,Független jelölt,377,False
Bács-Kiskun vármegye,"Bács-Kiskun vármegye, 04. számú egyéni választókerület",KOVÁCS GYULA,Tisztelet és Szabadság Párt,27197,True
Bács-Kiskun vármegye,"Bács-Kiskun vármegye, 04. számú egyéni választókerület",LEZSÁK SÁNDOR,FIDESZ - Magyar Polgári Szövetség-Kereszténydemokrata Néppárt,22100,False
Bács-Kiskun vármegye,"Bács-Kiskun vármegye, 04. számú egyéni választókerület",ENDRE BÉLA,Mi Hazánk Mozgalom,3639,False
Bács-Kiskun vármegye,"Bács-Kiskun vármegye, 04. számú egyéni választókerület",SARKADI PÁL,Demokratikus Koalíció,340,False
Bács-Kiskun vármegye,"Bács-Kiskun vármegye, 04. számú egyéni választókerület",NAGY IMRE,Független jelölt,282,False
Bács-Kiskun vármegye,"Bács-Kiskun vármegye, 04. számú egyéni választókerület",HORVÁTH ANNAMÁRIA,A SZOLIDARITÁS PÁRTJA-Magyar Munkáspárt,89,False
Bács-Kiskun vármegye,"Bács-Kiskun vármegye, 05. számú egyéni választókerület",KARSAI-JUHÁSZ KATALIN,Tisztelet és Szabadság Párt,24026,True
Bács-Kiskun vármegye,"Bács-Kiskun vármegye, 05. számú egyéni választókerület",BÁNYAI GÁBOR,FIDESZ - Magyar Polgári Szövetség-Kereszténydemokrata Néppárt,19208,False
Bács-Kiskun vármegye,"Bács-Kiskun vármegye, 05. számú egyéni választókerület",SZABADI ISTVÁN,Mi Hazánk Mozgalom,4058,False
Bács-Kiskun vármegye,"Bács-Kiskun vármegye, 05. számú egyéni választókerület",NAGY SZABOLCS,Demokratikus Koalíció,590,False
Bács-Kiskun vármegye,"Bács-Kiskun vármegye, 05. számú egyéni választókerület",NÉMETH SZILVESZTER,Független jelölt,162,False
Bács-Kiskun vármegye,"Bács-Kiskun vármegye, 05. számú egyéni választókerület",DOHI KITTI ERIKA,A SZOLIDARITÁS PÁRTJA-Magyar Munkáspárt,34,False
Bács-Kiskun vármegye,"Bács-Kiskun vármegye, 06. számú egyéni választókerület",CSONTOS BENCE,Tisztelet és Szabadság Párt,24905,True
Bács-Kiskun vármegye,"Bács-Kiskun vármegye, 06. számú egyéni választókerület",ZSIGÓ RÓBERT,FIDESZ - Magyar Polgári Szövetség-Kereszténydemokrata Néppárt,18396,False
Bács-Kiskun vármegye,"Bács-Kiskun vármegye, 06. számú egyéni választókerület",ÉBERLING BALÁZS,Mi Hazánk Mozgalom,3088,False
Bács-Kiskun vármegye,"Bács-Kiskun vármegye, 06. számú egyéni választókerület",SZÉKELY DÁNIEL,Demokratikus Koalíció,399,False
Bács-Kiskun vármegye,"Bács-Kiskun vármegye, 06. számú egyéni választókerület",NAGY GUSZTÁV,A SZOLIDARITÁS PÁRTJA-Magyar Munkáspárt,68,False
Békés vármegye,"Békés vármegye, 01. számú egyéni választókerület",BODÓCZI ISTVÁN,Tisztelet és Szabadság Párt,30631,True
Békés vármegye,"Békés vármegye, 01. számú egyéni választókerület",TAKÁCS ÁRPÁD,FIDESZ - Magyar Polgári Szövetség-Kereszténydemokrata Néppárt,18322,False
Békés vármegye,"Békés vármegye, 01. számú egyéni választókerület",GYEBNÁR DÁVID,Mi Hazánk Mozgalom,3364,False
Békés vármegye,"Békés vármegye, 01. számú egyéni választókerület",FÜLÖP ZOLTÁN,Demokratikus Koalíció,635,False
Békés vármegye,"Békés vármegye, 01. számú egyéni választókerület",BAGI REA,Magyar Kétfarkú Kutya Párt,372,False
Békés vármegye,"Békés vármegye, 02. számú egyéni választókerület",GOMBÁR DÁVID,Tisztelet és Szabadság Párt,25975,True
Békés vármegye,"Békés vármegye, 02. számú egyéni választókerület",DANKÓ BÉLA,FIDESZ - Magyar Polgári Szövetség-Kereszténydemokrata Néppárt,20183,False
Békés vármegye,"Békés vármegye, 02. számú egyéni választókerület",FÖLDESI MIHÁLY,Mi Hazánk Mozgalom,3464,False
Békés vármegye,"Békés vármegye, 02. számú egyéni választókerület",GERGELY RÓBERT,Demokratikus Koalíció,459,False
Békés vármegye,"Békés vármegye, 02. számú egyéni választókerület",CSIKÓS BOTOND,Magyar Kétfarkú Kutya Párt,285,False
Békés vármegye,"Békés vármegye, 02. számú egyéni választókerület",SZALKAI IMRE,Jobbik Magyarországért Mozgalom,139,False
Békés vármegye,"Békés vármegye, 02. számú egyéni választókerület",GALÓ CSABA,A SZOLIDARITÁS PÁRTJA-Magyar Munkáspárt,35,False
Békés vármegye,"Békés vármegye, 03. számú egyéni választókerület",RÁKI ZSOLT,Tisztelet és Szabadság Párt,26014,True
Békés vármegye,"Békés vármegye, 03. számú egyéni választókerület",KÓNYA ISTVÁN,FIDESZ - Magyar Polgári Szövetség-Kereszténydemokrata Néppárt,20507,False
Békés vármegye,"Békés vármegye, 03. számú egyéni választókerület",VIDÓ ATTILA,Mi Hazánk Mozgalom,2585,False
Békés vármegye,"Békés vármegye, 03. számú egyéni választókerület",MOLNÁR GÁBOR,Demokratikus Koalíció,371,False
Békés vármegye,"Békés vármegye, 03. számú egyéni választókerület",MAGYAR GÁBOR,Magyar Kétfarkú Kutya Párt,307,False
Békés vármegye,"Békés vármegye, 03. számú egyéni választókerület",FEJES TIBOR,A SZOLIDARITÁS PÁRTJA-Magyar Munkáspárt,59,False
Békés vármegye,"Békés vármegye, 04. számú egyéni választókerület",GURZÓ MÁRIA,Tisztelet és Szabadság Párt,27499,True
Békés vármegye,"Békés vármegye, 04. számú egyéni választókerület",ERDŐS NORBERT,FIDESZ - Magyar Polgári Szövetség-Kereszténydemokrata Néppárt,17677,False
Békés vármegye,"Békés vármegye, 04. számú egyéni választókerület",SCHULTZ GÁBOR,Mi Hazánk Mozgalom,3032,False
Békés vármegye,"Békés vármegye, 04. számú egyéni választókerület",SIMONKA GYÖRGY,Független jelölt,1318,False
Békés vármegye,"Békés vármegye, 04. számú egyéni választókerület",VESELICZ TIBORNÉ,Demokratikus Koalíció,464,False
Békés vármegye,"Békés vármegye, 04. számú egyéni választókerület",VIDÓ EDIT MÁRTA,Jobbik Magyarországért Mozgalom,110,False
Békés vármegye,"Békés vármegye, 04. számú egyéni választókerület",BÉKÉSI SÁNDOR,A SZOLIDARITÁS PÁRTJA-Magyar Munkáspárt,90,False
Csongrád-Csanád vármegye,"Csongrád-Csanád vármegye, 01. számú egyéni választókerület",STUMPF PÉTER,Tisztelet és Szabadság Párt,44478,True
Csongrád-Csanád vármegye,"Csongrád-Csanád vármegye, 01. számú egyéni választókerület",FARKAS LEVENTE,FIDESZ - Magyar Polgári Szövetség-Kereszténydemokrata Néppárt,16030,False
Csongrád-Csanád vármegye,"Csongrád-Csanád vármegye, 01. számú egyéni választókerület",TIMÁR TAMÁS,Mi Hazánk Mozgalom,3549,False
Csongrád-Csanád vármegye,"Csongrád-Csanád vármegye, 01. számú egyéni választókerület",NAGY BÉLA,Demokratikus Koalíció,758,False
Csongrád-Csanád vármegye,"Csongrád-Csanád vármegye, 01. számú egyéni választókerület",JUHÁSZ MÁTÉ,Magyar Kétfarkú Kutya Párt,739,False
Csongrád-Csanád vármegye,"Csongrád-Csanád vármegye, 01. számú egyéni választókerület",SZABÓ SÁNDOR,Független jelölt,0,False
Csongrád-Csanád vármegye,"Csongrád-Csanád vármegye, 02. számú egyéni választókerület",GAJDA ATTILA,Tisztelet és Szabadság Párt,36012,True
Csongrád-Csanád vármegye,"Csongrád-Csanád vármegye, 02. számú egyéni választókerület",MIHÁLFFY BÉLA,FIDESZ - Magyar Polgári Szövetség-Kereszténydemokrata Néppárt,20169,False
Csongrád-Csanád vármegye,"Csongrád-Csanád vármegye, 02. számú egyéni választókerület",TOROCZKAI LÁSZLÓ,Mi Hazánk Mozgalom,6231,False
Csongrád-Csanád vármegye,"Csongrád-Csanád vármegye, 02. számú egyéni választókerület",SIPOS IVETT,Magyar Kétfarkú Kutya Párt,624,False
Csongrád-Csanád vármegye,"Csongrád-Csanád vármegye, 02. számú egyéni választókerület",ÓHIDY ISTVÁN,Demokratikus Koalíció,549,False
Csongrád-Csanád vármegye,"Csongrád-Csanád vármegye, 03. számú egyéni választókerület",BÁRKÁNYI BENCE,Tisztelet és Szabadság Párt,30970,True
Csongrád-Csanád vármegye,"Csongrád-Csanád vármegye, 03. számú egyéni választókerület",SZABÓ ISTVÁN,FIDESZ - Magyar Polgári Szövetség-Kereszténydemokrata Néppárt,20812,False
Csongrád-Csanád vármegye,"Csongrád-Csanád vármegye, 03. számú egyéni választókerület",LACZKÓ ZSOLT,Mi Hazánk Mozgalom,5492,False
Csongrád-Csanád vármegye,"Csongrád-Csanád vármegye, 03. számú egyéni választókerület",VARGA FERENC,Demokratikus Koalíció,3032,False
Csongrád-Csanád vármegye,"Csongrád-Csanád vármegye, 03. számú egyéni választókerület",SZÉLPÁL SZILÁRD,Magyar Kétfarkú Kutya Párt,454,False
Csongrád-Csanád vármegye,"Csongrád-Csanád vármegye, 03. számú egyéni választókerület",SZATMÁRI BÉLA,Jobbik Magyarországért Mozgalom,118,False
Csongrád-Csanád vármegye,"Csongrád-Csanád vármegye, 04. számú egyéni választókerület",FERENCZI GÁBOR,Tisztelet és Szabadság Párt,35419,True
Csongrád-Csanád vármegye,"Csongrád-Csanád vármegye, 04. számú egyéni választókerület",CZIRBUS GÁBOR,FIDESZ - Magyar Polgári Szövetség-Kereszténydemokrata Néppárt,20188,False
Csongrád-Csanád vármegye,"Csongrád-Csanád vármegye, 04. számú egyéni választókerület",VERES CSABA,Mi Hazánk Mozgalom,3658,False
Csongrád-Csanád vármegye,"Csongrád-Csanád vármegye, 04. számú egyéni választókerület",MUCSI TAMÁS,Demokratikus Koalíció,641,False
Csongrád-Csanád vármegye,"Csongrád-Csanád vármegye, 04. számú egyéni választókerület",PÁL ANNA VIKTÓRIA,Magyar Kétfarkú Kutya Párt,425,False
Csongrád-Csanád vármegye,"Csongrád-Csanád vármegye, 04. számú egyéni választókerület",LEITNER SZILÁRD,Független jelölt,240,False
Csongrád-Csanád vármegye,"Csongrád-Csanád vármegye, 04. számú egyéni választókerület",OTTLOKÁN RADOVÁN,Jobbik Magyarországért Mozgalom,68,False
Csongrád-Csanád vármegye,"Csongrád-Csanád vármegye, 04. számú egyéni választókerület",HEGYI ADRIÁN,A SZOLIDARITÁS PÁRTJA-Magyar Munkáspárt,54,False
Fejér vármegye,"Fejér vármegye, 01. számú egyéni választókerület",CSISZÁR BÉLA,Tisztelet és Szabadság Párt,32654,True
Fejér vármegye,"Fejér vármegye, 01. számú egyéni választókerület",VARGHA TAMÁS,FIDESZ - Magyar Polgári Szövetség-Kereszténydemokrata Néppárt,21032,False
Fejér vármegye,"Fejér vármegye, 01. számú egyéni választókerület",VÉGH ANNAMÁRIA,Mi Hazánk Mozgalom,3157,False
Fejér vármegye,"Fejér vármegye, 01. számú egyéni választókerület",FÖLDI JUDIT,Demokratikus Koalíció,876,False
Fejér vármegye,"Fejér vármegye, 01. számú egyéni választókerület",PÁSZTOR ESZTER,Magyar Kétfarkú Kutya Párt,709,False
Fejér vármegye,"Fejér vármegye, 01. számú egyéni választókerület",LÁNGFALVI ATTILA,Jobbik Magyarországért Mozgalom,112,False
Fejér vármegye,"Fejér vármegye, 01. számú egyéni választókerület",TOMHAUSER FERENC,A SZOLIDARITÁS PÁRTJA-Magyar Munkáspárt,27,False
Fejér vármegye,"Fejér vármegye, 02. számú egyéni választókerület",BORICS MIHÁLY,Tisztelet és Szabadság Párt,29534,True
Fejér vármegye,"Fejér vármegye, 02. számú egyéni választókerület",TÖRŐ GÁBOR,FIDESZ - Magyar Polgári Szövetség-Kereszténydemokrata Néppárt,20033,False
Fejér vármegye,"Fejér vármegye, 02. számú egyéni választókerület",SCHMIDT ROLAND,Mi Hazánk Mozgalom,3644,False
Fejér vármegye,"Fejér vármegye, 02. számú egyéni választókerület",BOKÁNYI BERTOLD,Magyar Kétfarkú Kutya Párt,544,False
Fejér vármegye,"Fejér vármegye, 02. számú egyéni választókerület",STRASSZER JÓZSEF,Demokratikus Koalíció,533,False
Fejér vármegye,"Fejér vármegye, 02. számú egyéni választókerület",JANCSEK SÁNDOR,Független jelölt,286,False
Fejér vármegye,"Fejér vármegye, 02. számú egyéni választókerület",FAZAKAS ATTILA,Jobbik Magyarországért Mozgalom,172,False
Fejér vármegye,"Fejér vármegye, 02. számú egyéni választókerület",LOSÓ ÉVA,A SZOLIDARITÁS PÁRTJA-Magyar Munkáspárt,33,False
Fejér vármegye,"Fejér vármegye, 03. számú egyéni választókerület",BÖGI VIKTÓRIA,Tisztelet és Szabadság Párt,31342,True
Fejér vármegye,"Fejér vármegye, 03. számú egyéni választókerület",TESSELY ZOLTÁN,FIDESZ - Magyar Polgári Szövetség-Kereszténydemokrata Néppárt,22225,False
Fejér vármegye,"Fejér vármegye, 03. számú egyéni választókerület",SOM TAMÁS,Mi Hazánk Mozgalom,2995,False
Fejér vármegye,"Fejér vármegye, 03. számú egyéni választókerület",PASZICSNYEK JÁNOS,Magyar Kétfarkú Kutya Párt,610,False
Fejér vármegye,"Fejér vármegye, 03. számú egyéni választókerület",KERTÉSZ ÉVA,Demokratikus Koalíció,523,False
Fejér vármegye,"Fejér vármegye, 03. számú egyéni választókerület",TOMHAUSER-CZEGLÉDI ESZTER,A SZOLIDARITÁS PÁRTJA-Magyar Munkáspárt,58,False
Fejér vármegye,"Fejér vármegye, 04. számú egyéni választókerület",NAGY ERVIN,Tisztelet és Szabadság Párt,31758,True
Fejér vármegye,"Fejér vármegye, 04. számú egyéni választókerület",MÉSZÁROS LAJOS,FIDESZ - Magyar Polgári Szövetség-Kereszténydemokrata Néppárt,17199,False
Fejér vármegye,"Fejér vármegye, 04. számú egyéni választókerület",ADAMASKY LŐRINC,Mi Hazánk Mozgalom,2927,False
Fejér vármegye,"Fejér vármegye, 04. számú egyéni választókerület",BERÉNYI GÁBOR,Magyar Kétfarkú Kutya Párt,423,False
Fejér vármegye,"Fejér vármegye, 04. számú egyéni választókerület",JELINEK DEMIEN,Független jelölt,131,False
Fejér vármegye,"Fejér vármegye, 04. számú egyéni választókerület",HADERSPRUNG ZSUZSANNA,A SZOLIDARITÁS PÁRTJA-Magyar Munkáspárt,56,False
Fejér vármegye,"Fejér vármegye, 04. számú egyéni választókerület",SZABÓ ZSOLT,Demokratikus Koalíció,0,False
Fejér vármegye,"Fejér vármegye, 04. számú egyéni választókerület",KVÁRIK ANITA,Jobbik Magyarországért Mozgalom,0,False
Fejér vármegye,"Fejér vármegye, 05. számú egyéni választókerület",VARGA GÁBOR,FIDESZ - Magyar Polgári Szövetség-Kereszténydemokrata Néppárt,23008,True
Fejér vármegye,"Fejér vármegye, 05. számú egyéni választókerület",NAGY RICHÁRD,Tisztelet és Szabadság Párt,21981,False
Fejér vármegye,"Fejér vármegye, 05. számú egyéni választókerület",GIEBER LAJOS,Mi Hazánk Mozgalom,3426,False
Fejér vármegye,"Fejér vármegye, 05. számú egyéni választókerület",MEZEI ZSOLT,Demokratikus Koalíció,418,False
Fejér vármegye,"Fejér vármegye, 05. számú egyéni választókerület",VINKLÁR LÁSZLÓ,Magyar Kétfarkú Kutya Párt,340,False
Győr-Moson-Sopron vármegye,"Győr-Moson-Sopron vármegye, 01. számú egyéni választókerület",DIÓSZEGI JUDIT,Tisztelet és Szabadság Párt,32318,True
Győr-Moson-Sopron vármegye,"Győr-Moson-Sopron vármegye, 01. számú egyéni választókerület",SZELES SZABOLCS,FIDESZ - Magyar Polgári Szövetség-Kereszténydemokrata Néppárt,17568,False
Győr-Moson-Sopron vármegye,"Győr-Moson-Sopron vármegye, 01. számú egyéni választókerület",KORÓDI ISTVÁN,Mi Hazánk Mozgalom,2748,False
Győr-Moson-Sopron vármegye,"Győr-Moson-Sopron vármegye, 01. számú egyéni választókerület",KOMÁROMSZKY ATTILA,Demokratikus Koalíció,546,False
Győr-Moson-Sopron vármegye,"Győr-Moson-Sopron vármegye, 01. számú egyéni választókerület",GONDA ESZTER,Magyar Kétfarkú Kutya Párt,437,False
Győr-Moson-Sopron vármegye,"Győr-Moson-Sopron vármegye, 01. számú egyéni választókerület",BENCZE GÁBORNÉ,A SZOLIDARITÁS PÁRTJA-Magyar Munkáspárt,52,False
Győr-Moson-Sopron vármegye,"Győr-Moson-Sopron vármegye, 02. számú egyéni választókerület",NÉHER ANDRÁS,Tisztelet és Szabadság Párt,33263,True
Győr-Moson-Sopron vármegye,"Győr-Moson-Sopron vármegye, 02. számú egyéni választókerület",FEKETE DÁVID,FIDESZ - Magyar Polgári Szövetség-Kereszténydemokrata Néppárt,22419,False
Győr-Moson-Sopron vármegye,"Győr-Moson-Sopron vármegye, 02. számú egyéni választókerület",PÓCS MIKLÓS,Mi Hazánk Mozgalom,3788,False
Győr-Moson-Sopron vármegye,"Győr-Moson-Sopron vármegye, 02. számú egyéni választókerület",ORBÁN ADRIEN,Demokratikus Koalíció,586,False
Győr-Moson-Sopron vármegye,"Győr-Moson-Sopron vármegye, 02. számú egyéni választókerület",BODÁCS KÁROLY,Magyar Kétfarkú Kutya Párt,443,False
Győr-Moson-Sopron vármegye,"Győr-Moson-Sopron vármegye, 02. számú egyéni választókerület",PÁPAI PETRA,Jobbik Magyarországért Mozgalom,142,False
Győr-Moson-Sopron vármegye,"Győr-Moson-Sopron vármegye, 03. számú egyéni választókerület",GYOPÁROS ALPÁR,FIDESZ - Magyar Polgári Szövetség-Kereszténydemokrata Néppárt,26151,True
Győr-Moson-Sopron vármegye,"Győr-Moson-Sopron vármegye, 03. számú egyéni választókerület",BÓNA SZABOLCS,Tisztelet és Szabadság Párt,25509,False
Győr-Moson-Sopron vármegye,"Győr-Moson-Sopron vármegye, 03. számú egyéni választókerület",SZILÁGYI JÓZSEF,Mi Hazánk Mozgalom,2934,False
Győr-Moson-Sopron vármegye,"Győr-Moson-Sopron vármegye, 03. számú egyéni választókerület",SZABÓ ZOLTÁN,Demokratikus Koalíció,269,False
Győr-Moson-Sopron vármegye,"Győr-Moson-Sopron vármegye, 03. számú egyéni választókerület",SAMU DOMONKOS,Független jelölt,138,False
Győr-Moson-Sopron vármegye,"Győr-Moson-Sopron vármegye, 03. számú egyéni választókerület",MÉSZÁROS GÉZA,Független jelölt,114,False
Győr-Moson-Sopron vármegye,"Győr-Moson-Sopron vármegye, 03. számú egyéni választókerület",NAGY FERENC,A SZOLIDARITÁS PÁRTJA-Magyar Munkáspárt,31,False
Győr-Moson-Sopron vármegye,"Győr-Moson-Sopron vármegye, 04. számú egyéni választókerület",HALLERNÉ DR. NAGY ANIKÓ,Tisztelet és Szabadság Párt,33152,True
Győr-Moson-Sopron vármegye,"Győr-Moson-Sopron vármegye, 04. számú egyéni választókerület",BARCZA ATTILA,FIDESZ - Magyar Polgári Szövetség-Kereszténydemokrata Néppárt,25467,False
Győr-Moson-Sopron vármegye,"Győr-Moson-Sopron vármegye, 04. számú egyéni választókerület",PISÁK ISTVÁN,Mi Hazánk Mozgalom,3660,False
Győr-Moson-Sopron vármegye,"Győr-Moson-Sopron vármegye, 04. számú egyéni választókerület",SIMON ZOLTÁN,Demokratikus Koalíció,707,False
Győr-Moson-Sopron vármegye,"Győr-Moson-Sopron vármegye, 04. számú egyéni választókerület",GERENCSÉR NORBERT,Független jelölt,448,False
Győr-Moson-Sopron vármegye,"Győr-Moson-Sopron vármegye, 04. számú egyéni választókerület",RÁTKOVICS ROLAND ZSOLT,Jobbik Magyarországért Mozgalom,183,False
Győr-Moson-Sopron vármegye,"Győr-Moson-Sopron vármegye, 04. számú egyéni választókerület",NAGY-NÉMETH NÓRA,A SZOLIDARITÁS PÁRTJA-Magyar Munkáspárt,50,False
Győr-Moson-Sopron vármegye,"Győr-Moson-Sopron vármegye, 05. számú egyéni választókerület",PORPÁCZY KRISZTINA,Tisztelet és Szabadság Párt,34231,True
Győr-Moson-Sopron vármegye,"Győr-Moson-Sopron vármegye, 05. számú egyéni választókerület",NAGY ISTVÁN,FIDESZ - Magyar Polgári Szövetség-Kereszténydemokrata Néppárt,26435,False
Győr-Moson-Sopron vármegye,"Győr-Moson-Sopron vármegye, 05. számú egyéni választókerület",CSOMA KRISZTIÁN,Mi Hazánk Mozgalom,3316,False
Győr-Moson-Sopron vármegye,"Győr-Moson-Sopron vármegye, 05. számú egyéni választókerület",ZELENKA JÁNOS,Magyar Kétfarkú Kutya Párt,470,False
Győr-Moson-Sopron vármegye,"Győr-Moson-Sopron vármegye, 05. számú egyéni választókerület",NYITRAI-CSABAY LIZA CSILLA,Demokratikus Koalíció,433,False
Hajdú-Bihar vármegye,"Hajdú-Bihar vármegye, 01. számú egyéni választókerület",TÁRKÁNYI ZSOLT,Tisztelet és Szabadság Párt,31991,True
Hajdú-Bihar vármegye,"Hajdú-Bihar vármegye, 01. számú egyéni választókerület",BARCSA LAJOS,FIDESZ - Magyar Polgári Szövetség-Kereszténydemokrata Néppárt,17839,False
Hajdú-Bihar vármegye,"Hajdú-Bihar vármegye, 01. számú egyéni választókerület",SALÁNKINÉ KUTI ZSUZSANNA,Mi Hazánk Mozgalom,2825,False
Hajdú-Bihar vármegye,"Hajdú-Bihar vármegye, 01. számú egyéni választókerület",VARGA ZOLTÁN,Demokratikus Koalíció,533,False
Hajdú-Bihar vármegye,"Hajdú-Bihar vármegye, 01. számú egyéni választókerület",SASI-SZABÓ TAMÁS,Magyar Kétfarkú Kutya Párt,450,False
Hajdú-Bihar vármegye,"Hajdú-Bihar vármegye, 01. számú egyéni választókerület",KISS ZSOLT,Jobbik Magyarországért Mozgalom,78,False
Hajdú-Bihar vármegye,"Hajdú-Bihar vármegye, 01. számú egyéni választókerület",KOZMA ATTILA MÁTYÁS,A SZOLIDARITÁS PÁRTJA-Magyar Munkáspárt,46,False
Hajdú-Bihar vármegye,"Hajdú-Bihar vármegye, 02. számú egyéni választókerület",TOMPA ENIKŐ,Tisztelet és Szabadság Párt,32046,True
Hajdú-Bihar vármegye,"Hajdú-Bihar vármegye, 02. számú egyéni választókerület",SZÉLES DIÁNA,FIDESZ - Magyar Polgári Szövetség-Kereszténydemokrata Néppárt,19276,False
Hajdú-Bihar vármegye,"Hajdú-Bihar vármegye, 02. számú egyéni választókerület",VÖRÖS JÁNOS,Mi Hazánk Mozgalom,2672,False
Hajdú-Bihar vármegye,"Hajdú-Bihar vármegye, 02. számú egyéni választókerület",VASZKÓ IMRE,Demokratikus Koalíció,472,False
Hajdú-Bihar vármegye,"Hajdú-Bihar vármegye, 02. számú egyéni választókerület",RADECZKI CSONGOR,Magyar Kétfarkú Kutya Párt,427,False
Hajdú-Bihar vármegye,"Hajdú-Bihar vármegye, 02. számú egyéni választókerület",TÓTH-BEERI SZILVIA,Jobbik Magyarországért Mozgalom,122,False
Hajdú-Bihar vármegye,"Hajdú-Bihar vármegye, 02. számú egyéni választókerület",NAGY FERENC,A SZOLIDARITÁS PÁRTJA-Magyar Munkáspárt,67,False
Hajdú-Bihar vármegye,"Hajdú-Bihar vármegye, 03. számú egyéni választókerület",CSÁK LÁSZLÓ,Tisztelet és Szabadság Párt,29552,True
Hajdú-Bihar vármegye,"Hajdú-Bihar vármegye, 03. számú egyéni választókerület",ANTAL SZABOLCS,FIDESZ - Magyar Polgári Szövetség-Kereszténydemokrata Néppárt,24838,False
Hajdú-Bihar vármegye,"Hajdú-Bihar vármegye, 03. számú egyéni választókerület",HUNYADI MÁTÉ,Mi Hazánk Mozgalom,2920,False
Hajdú-Bihar vármegye,"Hajdú-Bihar vármegye, 03. számú egyéni választókerület",SZÖRÉNYI KÁROLY,Demokratikus Koalíció,343,False
Hajdú-Bihar vármegye,"Hajdú-Bihar vármegye, 03. számú egyéni választókerület",RINGWALD PANKA,Magyar Kétfarkú Kutya Párt,293,False
Hajdú-Bihar vármegye,"Hajdú-Bihar vármegye, 03. számú egyéni választókerület",VÁRADI BARNA,Jobbik Magyarországért Mozgalom,95,False
Hajdú-Bihar vármegye,"Hajdú-Bihar vármegye, 04. számú egyéni választókerület",VITÁNYI ISTVÁN,FIDESZ - Magyar Polgári Szövetség-Kereszténydemokrata Néppárt,23029,True
Hajdú-Bihar vármegye,"Hajdú-Bihar vármegye, 04. számú egyéni választókerület",KOVÁCS PETRA JUDIT,Tisztelet és Szabadság Párt,21800,False
Hajdú-Bihar vármegye,"Hajdú-Bihar vármegye, 04. számú egyéni választókerület",REHÁKNÉ MENYHÁRT GABRIELLA,Mi Hazánk Mozgalom,2723,False
Hajdú-Bihar vármegye,"Hajdú-Bihar vármegye, 04. számú egyéni választókerület",TONZOR PÉTER,Demokratikus Koalíció,305,False
Hajdú-Bihar vármegye,"Hajdú-Bihar vármegye, 04. számú egyéni választókerület",BÉRES BALÁZS ÁKOS,Magyar Kétfarkú Kutya Párt,242,False
Hajdú-Bihar vármegye,"Hajdú-Bihar vármegye, 04. számú egyéni választókerület",MOLNÁR MÁRIA,A SZOLIDARITÁS PÁRTJA-Magyar Munkáspárt,60,False
Hajdú-Bihar vármegye,"Hajdú-Bihar vármegye, 05. számú egyéni választókerület",RUSZIN-SZENDI ROMULUSZ,Tisztelet és Szabadság Párt,25752,True
Hajdú-Bihar vármegye,"Hajdú-Bihar vármegye, 05. számú egyéni választókerület",BODÓ SÁNDOR,FIDESZ - Magyar Polgári Szövetség-Kereszténydemokrata Néppárt,22281,False
Hajdú-Bihar vármegye,"Hajdú-Bihar vármegye, 05. számú egyéni választókerület",SASS BULCSÚ,Mi Hazánk Mozgalom,3034,False
Hajdú-Bihar vármegye,"Hajdú-Bihar vármegye, 05. számú egyéni választókerület",CSEFKÓ BALÁZS,Demokratikus Koalíció,335,False
Hajdú-Bihar vármegye,"Hajdú-Bihar vármegye, 05. számú egyéni választókerület",HORVÁT IMRÉNÉ,Középen Állók Pártja,103,False
Hajdú-Bihar vármegye,"Hajdú-Bihar vármegye, 06. számú egyéni választókerület",GÖRÖGHNÉ BOCSKAI ÉVA,Tisztelet és Szabadság Párt,26938,True
Hajdú-Bihar vármegye,"Hajdú-Bihar vármegye, 06. számú egyéni választókerület",PAPP ZSOLT,FIDESZ - Magyar Polgári Szövetség-Kereszténydemokrata Néppárt,19891,False
Hajdú-Bihar vármegye,"Hajdú-Bihar vármegye, 06. számú egyéni választókerület",NAGY ZOLTÁN,Mi Hazánk Mozgalom,3984,False
Hajdú-Bihar vármegye,"Hajdú-Bihar vármegye, 06. számú egyéni választókerület",CSIGE TAMÁS,Demokratikus Koalíció,756,False
Heves vármegye,"Heves vármegye, 01. számú egyéni választókerület",BÓDIS PÉTER,Tisztelet és Szabadság Párt,35073,True
Heves vármegye,"Heves vármegye, 01. számú egyéni választókerület",PAJTÓK GÁBOR,FIDESZ - Magyar Polgári Szövetség-Kereszténydemokrata Néppárt,23111,False
Heves vármegye,"Heves vármegye, 01. számú egyéni választókerület",PÁPAI ÁKOS,Mi Hazánk Mozgalom,3428,False
Heves vármegye,"Heves vármegye, 01. számú egyéni választókerület",MIRKÓCZKI ÁDÁM,Független jelölt,505,False
Heves vármegye,"Heves vármegye, 01. számú egyéni választókerület",BALLA PÉTER,Demokratikus Koalíció,435,False
Heves vármegye,"Heves vármegye, 01. számú egyéni választókerület",BLAU SÁNDOR,Magyar Kétfarkú Kutya Párt,390,False
Heves vármegye,"Heves vármegye, 01. számú egyéni választókerület",PÓCS ALFRÉD,Nemzetegyesítő Mozgalom a Szentkorona Országaiért,207,False
Heves vármegye,"Heves vármegye, 02. számú egyéni választókerület",KISS JÁNOS,Tisztelet és Szabadság Párt,29694,True
Heves vármegye,"Heves vármegye, 02. számú egyéni választókerület",HORVÁTH LÁSZLÓ,FIDESZ - Magyar Polgári Szövetség-Kereszténydemokrata Néppárt,22789,False
Heves vármegye,"Heves vármegye, 02. számú egyéni választókerület",SERES-POLYÁK KATALIN,Mi Hazánk Mozgalom,3480,False
Heves vármegye,"Heves vármegye, 02. számú egyéni választókerület",VARGA JÁNOS,Demokratikus Koalíció,587,False
Heves vármegye,"Heves vármegye, 02. számú egyéni választókerület",DUDÁS RÓBERT,Jobbik Magyarországért Mozgalom,468,False
Heves vármegye,"Heves vármegye, 02. számú egyéni választókerület",GYŐRFFY PÉTER,Magyar Kétfarkú Kutya Párt,333,False
Heves vármegye,"Heves vármegye, 02. számú egyéni választókerület",KOZMA PÉTER,A SZOLIDARITÁS PÁRTJA-Magyar Munkáspárt,136,False
Heves vármegye,"Heves vármegye, 03. számú egyéni választókerület",JUHÁSZ ÁRON,Tisztelet és Szabadság Párt,30687,True
Heves vármegye,"Heves vármegye, 03. számú egyéni választókerület",SZABÓ ZSOLT,FIDESZ - Magyar Polgári Szövetség-Kereszténydemokrata Néppárt,24105,False
Heves vármegye,"Heves vármegye, 03. számú egyéni választókerület",GREGUS RENÁTA,Mi Hazánk Mozgalom,4861,False
Heves vármegye,"Heves vármegye, 03. számú egyéni választókerület",NAGY TIBOR BALÁZS,Demokratikus Koalíció,431,False
Heves vármegye,"Heves vármegye, 03. számú egyéni választókerület",NAGY ATTILA TIBOR,A SZOLIDARITÁS PÁRTJA-Magyar Munkáspárt,104,False
Heves vármegye,"Heves vármegye, 03. számú egyéni választókerület",FARAGÓ TAMÁS,Jobbik Magyarországért Mozgalom,0,False
Jász-Nagykun-Szolnok vármegye,"Jász-Nagykun-Szolnok vármegye, 01. számú egyéni választókerület",ROST ANDREA,Tisztelet és Szabadság Párt,35110,True
Jász-Nagykun-Szolnok vármegye,"Jász-Nagykun-Szolnok vármegye, 01. számú egyéni választókerület",BERKÓ ATTILA,FIDESZ - Magyar Polgári Szövetség-Kereszténydemokrata Néppárt,19362,False
Jász-Nagykun-Szolnok vármegye,"Jász-Nagykun-Szolnok vármegye, 01. számú egyéni választókerület",KAPÁS ROLAND,Mi Hazánk Mozgalom,3979,False
Jász-Nagykun-Szolnok vármegye,"Jász-Nagykun-Szolnok vármegye, 01. számú egyéni választókerület",MÉSZÁROS DÁVID,Demokratikus Koalíció,699,False
Jász-Nagykun-Szolnok vármegye,"Jász-Nagykun-Szolnok vármegye, 01. számú egyéni választókerület",VICZÁN PÉTER,Magyar Kétfarkú Kutya Párt,437,False
Jász-Nagykun-Szolnok vármegye,"Jász-Nagykun-Szolnok vármegye, 01. számú egyéni választókerület",BALOGH IMRE ATTILÁNÉ,A SZOLIDARITÁS PÁRTJA-Magyar Munkáspárt,84,False
Jász-Nagykun-Szolnok vármegye,"Jász-Nagykun-Szolnok vármegye, 02. számú egyéni választókerület",HALMAI FERENC TIBOR,Tisztelet és Szabadság Párt,27076,True
Jász-Nagykun-Szolnok vármegye,"Jász-Nagykun-Szolnok vármegye, 02. számú egyéni választókerület",PÓCS JÁNOS,FIDESZ - Magyar Polgári Szövetség-Kereszténydemokrata Néppárt,21754,False
Jász-Nagykun-Szolnok vármegye,"Jász-Nagykun-Szolnok vármegye, 02. számú egyéni választókerület",KASSAB ADONIS,Mi Hazánk Mozgalom,3144,False
Jász-Nagykun-Szolnok vármegye,"Jász-Nagykun-Szolnok vármegye, 02. számú egyéni választókerület",PINTÉR FERENC,Független jelölt,449,False
Jász-Nagykun-Szolnok vármegye,"Jász-Nagykun-Szolnok vármegye, 02. számú egyéni választókerület",URBÁN IMRE,Demokratikus Koalíció,320,False
Jász-Nagykun-Szolnok vármegye,"Jász-Nagykun-Szolnok vármegye, 02. számú egyéni választókerület",BÓDI CSABA BENDEGÚZ,A SZOLIDARITÁS PÁRTJA-Magyar Munkáspárt,65,False
Jász-Nagykun-Szolnok vármegye,"Jász-Nagykun-Szolnok vármegye, 03. számú egyéni választókerület",F. KOVÁCS SÁNDOR,FIDESZ - Magyar Polgári Szövetség-Kereszténydemokrata Néppárt,24638,True
Jász-Nagykun-Szolnok vármegye,"Jász-Nagykun-Szolnok vármegye, 03. számú egyéni választókerület",KOVÁCS HUNOR KRISZTIÁN,Tisztelet és Szabadság Párt,24362,False
Jász-Nagykun-Szolnok vármegye,"Jász-Nagykun-Szolnok vármegye, 03. számú egyéni választókerület",SOMLAY RÓBERT,Mi Hazánk Mozgalom,2828,False
Jász-Nagykun-Szolnok vármegye,"Jász-Nagykun-Szolnok vármegye, 03. számú egyéni választókerület",PARDI-OLÁH ROBERTA,Demokratikus Koalíció,373,False
Jász-Nagykun-Szolnok vármegye,"Jász-Nagykun-Szolnok vármegye, 03. számú egyéni választókerület",BURAI ERIKA,Független jelölt,65,False
Jász-Nagykun-Szolnok vármegye,"Jász-Nagykun-Szolnok vármegye, 03. számú egyéni választókerület",FEHÉR BENJÁMIN,Középen Állók Pártja,39,False
Jász-Nagykun-Szolnok vármegye,"Jász-Nagykun-Szolnok vármegye, 03. számú egyéni választókerület",TÚRÓ RICHÁRD,Független jelölt,37,False
Jász-Nagykun-Szolnok vármegye,"Jász-Nagykun-Szolnok vármegye, 03. számú egyéni választókerület",TURÓ JENŐ,Független jelölt,26,False
Jász-Nagykun-Szolnok vármegye,"Jász-Nagykun-Szolnok vármegye, 04. számú egyéni választókerület",FARKAS CSONGOR,Tisztelet és Szabadság Párt,28857,True
Jász-Nagykun-Szolnok vármegye,"Jász-Nagykun-Szolnok vármegye, 04. számú egyéni választókerület",HERCZEG ZSOLT,FIDESZ - Magyar Polgári Szövetség-Kereszténydemokrata Néppárt,19879,False
Jász-Nagykun-Szolnok vármegye,"Jász-Nagykun-Szolnok vármegye, 04. számú egyéni választókerület",SZABÓ BETTINA,Mi Hazánk Mozgalom,3764,False
Jász-Nagykun-Szolnok vármegye,"Jász-Nagykun-Szolnok vármegye, 04. számú egyéni választókerület",SZEGEDI JÁNOS ATTILA,Demokratikus Koalíció,392,False
Jász-Nagykun-Szolnok vármegye,"Jász-Nagykun-Szolnok vármegye, 04. számú egyéni választókerület",RÉVI ATTILA,Jobbik Magyarországért Mozgalom,314,False
Jász-Nagykun-Szolnok vármegye,"Jász-Nagykun-Szolnok vármegye, 04. számú egyéni választókerület",KONTRA ISTVÁN,A SZOLIDARITÁS PÁRTJA-Magyar Munkáspárt,57,False
Komárom-Esztergom vármegye,"Komárom-Esztergom vármegye, 01. számú egyéni választókerület",SOPOV ILDIKÓ ÉVA,Tisztelet és Szabadság Párt,36785,True
Komárom-Esztergom vármegye,"Komárom-Esztergom vármegye, 01. számú egyéni választókerület",BENCSIK JÁNOS,FIDESZ - Magyar Polgári Szövetség-Kereszténydemokrata Néppárt,20778,False
Komárom-Esztergom vármegye,"Komárom-Esztergom vármegye, 01. számú egyéni választókerület",BODA BÁNK,Mi Hazánk Mozgalom,2581,False
Komárom-Esztergom vármegye,"Komárom-Esztergom vármegye, 01. számú egyéni választókerület",VADAI ÁGNES,Demokratikus Koalíció,857,False
Komárom-Esztergom vármegye,"Komárom-Esztergom vármegye, 01. számú egyéni választókerület",LADÁNYI LUCA,Magyar Kétfarkú Kutya Párt,510,False
Komárom-Esztergom vármegye,"Komárom-Esztergom vármegye, 02. számú egyéni választókerület",RADNAI MÁRK,Tisztelet és Szabadság Párt,36344,True
Komárom-Esztergom vármegye,"Komárom-Esztergom vármegye, 02. számú egyéni választókerület",ERŐS GÁBOR,FIDESZ - Magyar Polgári Szövetség-Kereszténydemokrata Néppárt,23133,False
Komárom-Esztergom vármegye,"Komárom-Esztergom vármegye, 02. számú egyéni választókerület",LANTOS JÁNOS,Mi Hazánk Mozgalom,3475,False
Komárom-Esztergom vármegye,"Komárom-Esztergom vármegye, 02. számú egyéni választókerület",FIZEL JÓZSEF,Demokratikus Koalíció,559,False
Komárom-Esztergom vármegye,"Komárom-Esztergom vármegye, 02. számú egyéni választókerület",FÁBIÁN ÁRON BENDE,Magyar Kétfarkú Kutya Párt,414,False
Komárom-Esztergom vármegye,"Komárom-Esztergom vármegye, 03. számú egyéni választókerület",ÁRVAY NIKOLETT,Tisztelet és Szabadság Párt,34000,True
Komárom-Esztergom vármegye,"Komárom-Esztergom vármegye, 03. számú egyéni választókerület",CZUNYINÉ DR. BERTALAN JUDIT,FIDESZ - Magyar Polgári Szövetség-Kereszténydemokrata Néppárt,25061,False
Komárom-Esztergom vármegye,"Komárom-Esztergom vármegye, 03. számú egyéni választókerület",ÁBRAHÁM BARNABÁS,Mi Hazánk Mozgalom,4050,False
Komárom-Esztergom vármegye,"Komárom-Esztergom vármegye, 03. számú egyéni választókerület",SALKOVICS RÓBERT,Demokratikus Koalíció,539,False
Komárom-Esztergom vármegye,"Komárom-Esztergom vármegye, 03. számú egyéni választókerület",KÁTAI ALIZ,Magyar Kétfarkú Kutya Párt,467,False
Nógrád vármegye,"Nógrád vármegye, 01. számú egyéni választókerület",SZAFKÓ ZOLTÁN PÉTER,Tisztelet és Szabadság Párt,28081,True
Nógrád vármegye,"Nógrád vármegye, 01. számú egyéni választókerület",BECSÓ ZSOLT,FIDESZ - Magyar Polgári Szövetség-Kereszténydemokrata Néppárt,21219,False
Nógrád vármegye,"Nógrád vármegye, 01. számú egyéni választókerület",BAJNOK GYULA,Mi Hazánk Mozgalom,4176,False
Nógrád vármegye,"Nógrád vármegye, 01. számú egyéni választókerület",KRIZS NORBERT,A SZOLIDARITÁS PÁRTJA-Magyar Munkáspárt,346,False
Nógrád vármegye,"Nógrád vármegye, 01. számú egyéni választókerület",CZVANCZIG LÁSZLÓ,Magyar Kétfarkú Kutya Párt,0,False
Nógrád vármegye,"Nógrád vármegye, 02. számú egyéni választókerület",BALLA MIHÁLY,FIDESZ - Magyar Polgári Szövetség-Kereszténydemokrata Néppárt,26418,True
Nógrád vármegye,"Nógrád vármegye, 02. számú egyéni választókerület",MOLNÁR ZOLTÁN,Tisztelet és Szabadság Párt,26207,False
Nógrád vármegye,"Nógrád vármegye, 02. számú egyéni választókerület",DÓCS DÁVID,Mi Hazánk Mozgalom,5852,False
Nógrád vármegye,"Nógrád vármegye, 02. számú egyéni választókerület",GULYÁS NORBERT,Demokratikus Koalíció,451,False
Nógrád vármegye,"Nógrád vármegye, 02. számú egyéni választókerület",JAKAB KOPPÁNY ATILLA,Jobbik Magyarországért Mozgalom,172,False
Nógrád vármegye,"Nógrád vármegye, 02. számú egyéni választókerület",FRANKFURTER ZSUZSANNA,A SZOLIDARITÁS PÁRTJA-Magyar Munkáspárt,162,False
Pest vármegye,"Pest vármegye, 01. számú egyéni választókerület",JELENCSIK JÓZSEF,Tisztelet és Szabadság Párt,40100,True
Pest vármegye,"Pest vármegye, 01. számú egyéni választókerület",KARDOSNÉ GYURKÓ KATALIN,FIDESZ - Magyar Polgári Szövetség-Kereszténydemokrata Néppárt,21518,False
Pest vármegye,"Pest vármegye, 01. számú egyéni választókerület",SZALAI TIMEA,Mi Hazánk Mozgalom,3606,False
Pest vármegye,"Pest vármegye, 01. számú egyéni választókerület",GYEKICZKI MÁRTON,Demokratikus Koalíció,815,False
Pest vármegye,"Pest vármegye, 01. számú egyéni választókerület",BOROS DÁNIEL,Magyar Kétfarkú Kutya Párt,672,False
Pest vármegye,"Pest vármegye, 02. számú egyéni választókerület",PÓSFAI GÁBOR,Tisztelet és Szabadság Párt,42204,True
Pest vármegye,"Pest vármegye, 02. számú egyéni választókerület",CZUCZOR GERGELY,FIDESZ - Magyar Polgári Szövetség-Kereszténydemokrata Néppárt,20206,False
Pest vármegye,"Pest vármegye, 02. számú egyéni választókerület",GYÖRGY JÓZSEF,Mi Hazánk Mozgalom,3350,False
Pest vármegye,"Pest vármegye, 02. számú egyéni választókerület",KELLER LÁSZLÓ,Demokratikus Koalíció,738,False
Pest vármegye,"Pest vármegye, 02. számú egyéni választókerület",DANKA DÁVID,Magyar Kétfarkú Kutya Párt,683,False
Pest vármegye,"Pest vármegye, 03. számú egyéni választókerület",BUJDOSÓ ANDREA ANNA,Tisztelet és Szabadság Párt,40789,True
Pest vármegye,"Pest vármegye, 03. számú egyéni választókerület",MENCZER TAMÁS,FIDESZ - Magyar Polgári Szövetség-Kereszténydemokrata Néppárt,23798,False
Pest vármegye,"Pest vármegye, 03. számú egyéni választókerület",BORVENDÉG ZSUZSANNA,Mi Hazánk Mozgalom,4110,False
Pest vármegye,"Pest vármegye, 03. számú egyéni választókerület",FODOR BETTINA,Magyar Kétfarkú Kutya Párt,715,False
Pest vármegye,"Pest vármegye, 03. számú egyéni választókerület",VASVÁRI PÉTER LAJOS,Demokratikus Koalíció,483,False
Pest vármegye,"Pest vármegye, 03. számú egyéni választókerület",DEÁK BALÁZS,Jobbik Magyarországért Mozgalom,100,False
Pest vármegye,"Pest vármegye, 03. számú egyéni választókerület",JECKEL NIKOLETTA,A SZOLIDARITÁS PÁRTJA-Magyar Munkáspárt,43,False
Pest vármegye,"Pest vármegye, 04. számú egyéni választókerület",TÓTHMAJOR BALÁZS,Tisztelet és Szabadság Párt,35920,True
Pest vármegye,"Pest vármegye, 04. számú egyéni választókerület",VITÁLYOS ESZTER,FIDESZ - Magyar Polgári Szövetség-Kereszténydemokrata Néppárt,23234,False
Pest vármegye,"Pest vármegye, 04. számú egyéni választókerület",PÁL BÉLA,Mi Hazánk Mozgalom,3930,False
Pest vármegye,"Pest vármegye, 04. számú egyéni választókerület",KÁLMÁN OLGA,Demokratikus Koalíció,801,False
Pest vármegye,"Pest vármegye, 04. számú egyéni választókerület",LACZKÓ KORNÉL,Magyar Kétfarkú Kutya Párt,625,False
Pest vármegye,"Pest vármegye, 04. számú egyéni választókerület",SIMON JÓZSEF FERENC,A SZOLIDARITÁS PÁRTJA-Magyar Munkáspárt,72,False
Pest vármegye,"Pest vármegye, 05. számú egyéni választókerület",MISKOLCZI ORSOLYA,Tisztelet és Szabadság Párt,40500,True
Pest vármegye,"Pest vármegye, 05. számú egyéni választókerület",TUZSON BENCE,FIDESZ - Magyar Polgári Szövetség-Kereszténydemokrata Néppárt,19988,False
Pest vármegye,"Pest vármegye, 05. számú egyéni választókerület",BOGNÁR LÁSZLÓ,Mi Hazánk Mozgalom,3192,False
Pest vármegye,"Pest vármegye, 05. számú egyéni választókerület",RÓNAI SÁNDOR,Demokratikus Koalíció,768,False
Pest vármegye,"Pest vármegye, 05. számú egyéni választókerület",ÁDÁM EMESE,Magyar Kétfarkú Kutya Párt,664,False
Pest vármegye,"Pest vármegye, 05. számú egyéni választókerület",BÖJTE ZITA,Jobbik Magyarországért Mozgalom,84,False
Pest vármegye,"Pest vármegye, 05. számú egyéni választókerület",SZENTMIKLÓSI TAMÁS LÁSZLÓ,A SZOLIDARITÁS PÁRTJA-Magyar Munkáspárt,30,False
Pest vármegye,"Pest vármegye, 06. számú egyéni választókerület",LÁSZLÓ ENDRE MÁRTON,Tisztelet és Szabadság Párt,39981,True
Pest vármegye,"Pest vármegye, 06. számú egyéni választókerület",HANKÓ BALÁZS,FIDESZ - Magyar Polgári Szövetség-Kereszténydemokrata Néppárt,21632,False
Pest vármegye,"Pest vármegye, 06. számú egyéni választókerület",REGŐS BALÁZS,Mi Hazánk Mozgalom,3369,False
Pest vármegye,"Pest vármegye, 06. számú egyéni választókerület",KARSAI ZSUZSÁNNA,Demokratikus Koalíció,542,False
Pest vármegye,"Pest vármegye, 06. számú egyéni választókerület",BOLBÁS ILDIKÓ,Magyar Kétfarkú Kutya Párt,504,False
Pest vármegye,"Pest vármegye, 07. számú egyéni választókerület",TROMPLER ILDIKÓ,Tisztelet és Szabadság Párt,32478,True
Pest vármegye,"Pest vármegye, 07. számú egyéni választókerület",KATUS NORBERT,FIDESZ - Magyar Polgári Szövetség-Kereszténydemokrata Néppárt,23779,False
Pest vármegye,"Pest vármegye, 07. számú egyéni választókerület",OROSZ PATRIK,Mi Hazánk Mozgalom,3914,False
Pest vármegye,"Pest vármegye, 07. számú egyéni választókerület",NEMES GÁBOR,Demokratikus Koalíció,715,False
Pest vármegye,"Pest vármegye, 07. számú egyéni választókerület",HANKÓ KLÁRA,Magyar Kétfarkú Kutya Párt,562,False
Pest vármegye,"Pest vármegye, 08. számú egyéni választókerület",BALAJTI ISTVÁN,Tisztelet és Szabadság Párt,33852,True
Pest vármegye,"Pest vármegye, 08. számú egyéni választókerület",SZŰCS LAJOS,FIDESZ - Magyar Polgári Szövetség-Kereszténydemokrata Néppárt,18897,False
Pest vármegye,"Pest vármegye, 08. számú egyéni választókerület",SZABÓNÉ PAPP KLÁRA,Mi Hazánk Mozgalom,3545,False
Pest vármegye,"Pest vármegye, 08. számú egyéni választókerület",HANEK GÁBOR,Demokratikus Koalíció,518,False
Pest vármegye,"Pest vármegye, 08. számú egyéni választókerület",HARTVIG DÁNIEL,Magyar Kétfarkú Kutya Párt,506,False
Pest vármegye,"Pest vármegye, 08. számú egyéni választókerület",SAS ZOLTÁN,Jobbik Magyarországért Mozgalom,140,False
Pest vármegye,"Pest vármegye, 08. számú egyéni választókerület",KARTNIK KRISZTINA,A SZOLIDARITÁS PÁRTJA-Magyar Munkáspárt,42,False
Pest vármegye,"Pest vármegye, 09. számú egyéni választókerület",BILISICS ZITA,Tisztelet és Szabadság Párt,32930,True
Pest vármegye,"Pest vármegye, 09. számú egyéni választókerület",BÓNA ZOLTÁN,FIDESZ - Magyar Polgári Szövetség-Kereszténydemokrata Néppárt,22330,False
Pest vármegye,"Pest vármegye, 09. számú egyéni választókerület",TASSI RÓBERT,Mi Hazánk Mozgalom,4395,False
Pest vármegye,"Pest vármegye, 09. számú egyéni választókerület",JÓSZAI TEODÓRA,Demokratikus Koalíció,592,False
Pest vármegye,"Pest vármegye, 09. számú egyéni választókerület",SOMODY FERENC BALÁZS,Magyar Kétfarkú Kutya Párt,444,False
Pest vármegye,"Pest vármegye, 09. számú egyéni választókerület",SÁNDOR ISTVÁN,Normális Élet Pártja,83,False
Pest vármegye,"Pest vármegye, 09. számú egyéni választókerület",NAGY FERENC,A SZOLIDARITÁS PÁRTJA-Magyar Munkáspárt,43,False
Pest vármegye,"Pest vármegye, 10. számú egyéni választókerület",PERTICSNÉ KÁCSOR ANDREA,Tisztelet és Szabadság Párt,37930,True
Pest vármegye,"Pest vármegye, 10. számú egyéni választókerület",VÁNTSA BOTOND,FIDESZ - Magyar Polgári Szövetség-Kereszténydemokrata Néppárt,18215,False
Pest vármegye,"Pest vármegye, 10. számú egyéni választókerület",BOTLÓ KORNÉL,Mi Hazánk Mozgalom,3353,False
Pest vármegye,"Pest vármegye, 10. számú egyéni választókerület",KENÉZ ISTVÁN,Demokratikus Koalíció,775,False
Pest vármegye,"Pest vármegye, 10. számú egyéni választókerület",CSIZMADIA CSEKE,Magyar Kétfarkú Kutya Párt,583,False
Pest vármegye,"Pest vármegye, 10. számú egyéni választókerület",DOROGI GYULA,A SZOLIDARITÁS PÁRTJA-Magyar Munkáspárt,119,False
Pest vármegye,"Pest vármegye, 10. számú egyéni választókerület",FODOR LAJOS,Jobbik Magyarországért Mozgalom,97,False
Pest vármegye,"Pest vármegye, 11. számú egyéni választókerület",SZIMON RENÁTA,Tisztelet és Szabadság Párt,33592,True
Pest vármegye,"Pest vármegye, 11. számú egyéni választókerület",RÉTVÁRI BENCE,FIDESZ - Magyar Polgári Szövetség-Kereszténydemokrata Néppárt,23314,False
Pest vármegye,"Pest vármegye, 11. számú egyéni választókerület",PÁLI JENŐ,Mi Hazánk Mozgalom,3896,False
Pest vármegye,"Pest vármegye, 11. számú egyéni választókerület",JUHÁSZ BÉLA,Demokratikus Koalíció,741,False
Pest vármegye,"Pest vármegye, 11. számú egyéni választókerület",URBÁN DÁVID KILIÁN,Magyar Kétfarkú Kutya Párt,520,False
Pest vármegye,"Pest vármegye, 12. számú egyéni választókerület",POLGÁR GYÖRGY,Tisztelet és Szabadság Párt,28018,True
Pest vármegye,"Pest vármegye, 12. számú egyéni választókerület",POGÁCSÁS TIBOR,FIDESZ - Magyar Polgári Szövetség-Kereszténydemokrata Néppárt,22878,False
Pest vármegye,"Pest vármegye, 12. számú egyéni választókerület",LENDVAY ENDRE,Mi Hazánk Mozgalom,4066,False
Pest vármegye,"Pest vármegye, 12. számú egyéni választókerület",MAGDICS MÓNIKA,Demokratikus Koalíció,460,False
Pest vármegye,"Pest vármegye, 12. számú egyéni választókerület",URSZÁN TAMÁS,Magyar Kétfarkú Kutya Párt,387,False
Pest vármegye,"Pest vármegye, 12. számú egyéni választókerület",VINCZE MIKLÓS,Jobbik Magyarországért Mozgalom,0,False
Pest vármegye,"Pest vármegye, 13. számú egyéni választókerület",HENDE MÁTÉ,Tisztelet és Szabadság Párt,26676,True
Pest vármegye,"Pest vármegye, 13. számú egyéni választókerület",FELDMAN LÁSZLÓ,FIDESZ - Magyar Polgári Szövetség-Kereszténydemokrata Néppárt,20912,False
Pest vármegye,"Pest vármegye, 13. számú egyéni választókerület",LÁSZLÓ ATTILA,Mi Hazánk Mozgalom,6097,False
Pest vármegye,"Pest vármegye, 13. számú egyéni választókerület",MAGDICS MÁTÉ,Demokratikus Koalíció,348,False
Pest vármegye,"Pest vármegye, 13. számú egyéni választókerület",SÁRKÖZI BETTI,Magyar Kétfarkú Kutya Párt,323,False
Pest vármegye,"Pest vármegye, 13. számú egyéni választókerület",URBIN GYÖRGY,A SZOLIDARITÁS PÁRTJA-Magyar Munkáspárt,118,False
Pest vármegye,"Pest vármegye, 13. számú egyéni választókerület",GÁSPÁR TIBOR JÓZSEF,Normális Élet Pártja,43,False
Pest vármegye,"Pest vármegye, 14. számú egyéni választókerület",MUHARI GERGELY,Tisztelet és Szabadság Párt,28878,True
Pest vármegye,"Pest vármegye, 14. számú egyéni választókerület",FÖLDI LÁSZLÓ,FIDESZ - Magyar Polgári Szövetség-Kereszténydemokrata Néppárt,22157,False
Pest vármegye,"Pest vármegye, 14. számú egyéni választókerület",BARTHA BARNA,Mi Hazánk Mozgalom,4256,False
Pest vármegye,"Pest vármegye, 14. számú egyéni választókerület",KÖKÉNY GÁBOR KÁLMÁN,Demokratikus Koalíció,558,False
Pest vármegye,"Pest vármegye, 14. számú egyéni választókerület",GÓR-NAGY GYÖRGY,Magyar Kétfarkú Kutya Párt,0,False
Somogy vármegye,"Somogy vármegye, 01. számú egyéni választókerület",LŐRINCZ VIKTÓRIA,Tisztelet és Szabadság Párt,27023,True
Somogy vármegye,"Somogy vármegye, 01. számú egyéni választókerület",GELENCSÉR ATTILA,FIDESZ - Magyar Polgári Szövetség-Kereszténydemokrata Néppárt,15832,False
Somogy vármegye,"Somogy vármegye, 01. számú egyéni választókerület",ERDÉLYI ÁKOS,Mi Hazánk Mozgalom,3242,False
Somogy vármegye,"Somogy vármegye, 01. számú egyéni választókerület",MOLNÁR PÉTER,Demokratikus Koalíció,545,False
Somogy vármegye,"Somogy vármegye, 01. számú egyéni választókerület",MÉSZÁROS SZABOLCS,Magyar Kétfarkú Kutya Párt,270,False
Somogy vármegye,"Somogy vármegye, 01. számú egyéni választókerület",LEHOCZKI FERENC,Jobbik Magyarországért Mozgalom,98,False
Somogy vármegye,"Somogy vármegye, 01. számú egyéni választókerület",GULYÁS JÓZSEF,A SZOLIDARITÁS PÁRTJA-Magyar Munkáspárt,30,False
Somogy vármegye,"Somogy vármegye, 02. számú egyéni választókerület",BENKE JÓZSEF,Tisztelet és Szabadság Párt,19785,True
Somogy vármegye,"Somogy vármegye, 02. számú egyéni választókerület",KELEI ZITA,FIDESZ - Magyar Polgári Szövetség-Kereszténydemokrata Néppárt,17581,False
Somogy vármegye,"Somogy vármegye, 02. számú egyéni választókerület",HALÁSZNÉ HUNYADI GYÖNGYI,Mi Hazánk Mozgalom,1864,False
Somogy vármegye,"Somogy vármegye, 02. számú egyéni választókerület",ANDER BALÁZS,Jobbik Magyarországért Mozgalom,1819,False
Somogy vármegye,"Somogy vármegye, 02. számú egyéni választókerület",REMES GÁBOR,Demokratikus Koalíció,511,False
Somogy vármegye,"Somogy vármegye, 02. számú egyéni választókerület",DÓSA FERENC,A SZOLIDARITÁS PÁRTJA-Magyar Munkáspárt,53,False
Somogy vármegye,"Somogy vármegye, 03. számú egyéni választókerület",BAKOS CSABA ATTILA,Tisztelet és Szabadság Párt,22647,True
Somogy vármegye,"Somogy vármegye, 03. számú egyéni választókerület",MÓRING JÓZSEF ATTILA,FIDESZ - Magyar Polgári Szövetség-Kereszténydemokrata Néppárt,20625,False
Somogy vármegye,"Somogy vármegye, 03. számú egyéni választókerület",JOZÓ TAMÁS,Mi Hazánk Mozgalom,2811,False
Somogy vármegye,"Somogy vármegye, 03. számú egyéni választókerület",NÉMETH HELGA,Demokratikus Koalíció,521,False
Somogy vármegye,"Somogy vármegye, 03. számú egyéni választókerület",KESZTYÜS ATTILA,Jobbik Magyarországért Mozgalom,305,False
Somogy vármegye,"Somogy vármegye, 04. számú egyéni választókerület",CSATÁRI ERNŐ,Tisztelet és Szabadság Párt,25083,True
Somogy vármegye,"Somogy vármegye, 04. számú egyéni választókerület",WITZMANN MIHÁLY,FIDESZ - Magyar Polgári Szövetség-Kereszténydemokrata Néppárt,21747,False
Somogy vármegye,"Somogy vármegye, 04. számú egyéni választókerület",PAPP KARULY BARNABÁS,Mi Hazánk Mozgalom,2300,False
Somogy vármegye,"Somogy vármegye, 04. számú egyéni választókerület",BAKAI-NAGY ZITA,Demokratikus Koalíció,598,False
Somogy vármegye,"Somogy vármegye, 04. számú egyéni választókerület",FENYVES DÁVID GYÖRGY,Magyar Kétfarkú Kutya Párt,375,False
Somogy vármegye,"Somogy vármegye, 04. számú egyéni választókerület",JÁMBOR PÉTER,IRÁNY a Jövő Párt,109,False
Somogy vármegye,"Somogy vármegye, 04. számú egyéni választókerület",TANBERGER TIBOR,Jobbik Magyarországért Mozgalom,60,False
Somogy vármegye,"Somogy vármegye, 04. számú egyéni választókerület",DELINÉ GRÁCZ GRÉTA,A SZOLIDARITÁS PÁRTJA-Magyar Munkáspárt,28,False
Szabolcs-Szatmár-Bereg vármegye,"Szabolcs-Szatmár-Bereg vármegye, 01. számú egyéni választókerület",GAJDOS LÁSZLÓ,Tisztelet és Szabadság Párt,37691,True
Szabolcs-Szatmár-Bereg vármegye,"Szabolcs-Szatmár-Bereg vármegye, 01. számú egyéni választókerület",HALKÓNÉ DR. RUDOLF ÉVA,FIDESZ - Magyar Polgári Szövetség-Kereszténydemokrata Néppárt,17264,False
Szabolcs-Szatmár-Bereg vármegye,"Szabolcs-Szatmár-Bereg vármegye, 01. számú egyéni választókerület",KOVÁCS KOPPÁNY ZOLTÁN,Mi Hazánk Mozgalom,2508,False
Szabolcs-Szatmár-Bereg vármegye,"Szabolcs-Szatmár-Bereg vármegye, 01. számú egyéni választókerület",BACSIKNÉ SZIGETI GABRIELLA,Demokratikus Koalíció,468,False
Szabolcs-Szatmár-Bereg vármegye,"Szabolcs-Szatmár-Bereg vármegye, 01. számú egyéni választókerület",TÜRK ATTILA,Magyar Kétfarkú Kutya Párt,259,False
Szabolcs-Szatmár-Bereg vármegye,"Szabolcs-Szatmár-Bereg vármegye, 02. számú egyéni választókerület",SZAKÁCS PÉTER LAJOS,Tisztelet és Szabadság Párt,27888,True
Szabolcs-Szatmár-Bereg vármegye,"Szabolcs-Szatmár-Bereg vármegye, 02. számú egyéni választókerület",VINNAI GYŐZŐ,FIDESZ - Magyar Polgári Szövetség-Kereszténydemokrata Néppárt,21224,False
Szabolcs-Szatmár-Bereg vármegye,"Szabolcs-Szatmár-Bereg vármegye, 02. számú egyéni választókerület",BAKÓ JÓZSEF ISTVÁN,Mi Hazánk Mozgalom,2957,False
Szabolcs-Szatmár-Bereg vármegye,"Szabolcs-Szatmár-Bereg vármegye, 02. számú egyéni választókerület",GYARMATI MIHÁLY,Demokratikus Koalíció,384,False
Szabolcs-Szatmár-Bereg vármegye,"Szabolcs-Szatmár-Bereg vármegye, 02. számú egyéni választókerület",GYÜRE CSABA,Jobbik Magyarországért Mozgalom,0,False
Szabolcs-Szatmár-Bereg vármegye,"Szabolcs-Szatmár-Bereg vármegye, 03. számú egyéni választókerület",DICSŐ VIKTÓRIA,Tisztelet és Szabadság Párt,28053,True
Szabolcs-Szatmár-Bereg vármegye,"Szabolcs-Szatmár-Bereg vármegye, 03. számú egyéni választókerület",SESZTÁK MIKLÓS,FIDESZ - Magyar Polgári Szövetség-Kereszténydemokrata Néppárt,24485,False
Szabolcs-Szatmár-Bereg vármegye,"Szabolcs-Szatmár-Bereg vármegye, 03. számú egyéni választókerület",FEKETE BÉLA,Mi Hazánk Mozgalom,2506,False
Szabolcs-Szatmár-Bereg vármegye,"Szabolcs-Szatmár-Bereg vármegye, 03. számú egyéni választókerület",SÁROSY ZOLTÁN,Demokratikus Koalíció,446,False
Szabolcs-Szatmár-Bereg vármegye,"Szabolcs-Szatmár-Bereg vármegye, 03. számú egyéni választókerület",PERDIÁK JÁNOS,Magyar Igazság és Élet Pártja,196,False
Szabolcs-Szatmár-Bereg vármegye,"Szabolcs-Szatmár-Bereg vármegye, 03. számú egyéni választókerület",TÓTH PÉTER PÁL,A SZOLIDARITÁS PÁRTJA-Magyar Munkáspárt,79,False
Szabolcs-Szatmár-Bereg vármegye,"Szabolcs-Szatmár-Bereg vármegye, 04. számú egyéni választókerület",TILKI ATTILA,FIDESZ - Magyar Polgári Szövetség-Kereszténydemokrata Néppárt,25166,True
Szabolcs-Szatmár-Bereg vármegye,"Szabolcs-Szatmár-Bereg vármegye, 04. számú egyéni választókerület",SIMON ZSUZSÁNNA,Tisztelet és Szabadság Párt,21670,False
Szabolcs-Szatmár-Bereg vármegye,"Szabolcs-Szatmár-Bereg vármegye, 04. számú egyéni választókerület",KÁLMÁNDY ÁRPÁD,Mi Hazánk Mozgalom,2059,False
Szabolcs-Szatmár-Bereg vármegye,"Szabolcs-Szatmár-Bereg vármegye, 04. számú egyéni választókerület",ADORJÁN BÉLA,Jobbik Magyarországért Mozgalom,546,False
Szabolcs-Szatmár-Bereg vármegye,"Szabolcs-Szatmár-Bereg vármegye, 04. számú egyéni választókerület",KUBOVICSNÉ DR. BORBÉLY ANETT,Demokratikus Koalíció,262,False
Szabolcs-Szatmár-Bereg vármegye,"Szabolcs-Szatmár-Bereg vármegye, 04. számú egyéni választókerület",NAGY JÓZSEF LÁSZLÓ,A SZOLIDARITÁS PÁRTJA-Magyar Munkáspárt,40,False
Szabolcs-Szatmár-Bereg vármegye,"Szabolcs-Szatmár-Bereg vármegye, 04. számú egyéni választókerület",GUBA ENDRE,Normális Élet Pártja,27,False
Szabolcs-Szatmár-Bereg vármegye,"Szabolcs-Szatmár-Bereg vármegye, 04. számú egyéni választókerület",DEMETER KRISZTIÁN,Középen Állók Pártja,0,False
Szabolcs-Szatmár-Bereg vármegye,"Szabolcs-Szatmár-Bereg vármegye, 05. számú egyéni választókerület",KOVÁCS SÁNDOR,FIDESZ - Magyar Polgári Szövetség-Kereszténydemokrata Néppárt,25410,True
Szabolcs-Szatmár-Bereg vármegye,"Szabolcs-Szatmár-Bereg vármegye, 05. számú egyéni választókerület",BUGYA LÁSZLÓ,Tisztelet és Szabadság Párt,22074,False
Szabolcs-Szatmár-Bereg vármegye,"Szabolcs-Szatmár-Bereg vármegye, 05. számú egyéni választókerület",APÁTI ISTVÁN,Mi Hazánk Mozgalom,3262,False
Szabolcs-Szatmár-Bereg vármegye,"Szabolcs-Szatmár-Bereg vármegye, 05. számú egyéni választókerület",DOMOKOS ZSUZSANNA,Demokratikus Koalíció,317,False
Szabolcs-Szatmár-Bereg vármegye,"Szabolcs-Szatmár-Bereg vármegye, 05. számú egyéni választókerület",KRÁLIK KÁROLY,A SZOLIDARITÁS PÁRTJA-Magyar Munkáspárt,56,False
Szabolcs-Szatmár-Bereg vármegye,"Szabolcs-Szatmár-Bereg vármegye, 05. számú egyéni választókerület",HORVÁTH ANTAL,Középen Állók Pártja,44,False
Szabolcs-Szatmár-Bereg vármegye,"Szabolcs-Szatmár-Bereg vármegye, 06. számú egyéni választókerület",BARNA-SZABÓ TÍMEA,Tisztelet és Szabadság Párt,24831,True
Szabolcs-Szatmár-Bereg vármegye,"Szabolcs-Szatmár-Bereg vármegye, 06. számú egyéni választókerület",SIMON MIKLÓS,FIDESZ - Magyar Polgári Szövetség-Kereszténydemokrata Néppárt,23713,False
Szabolcs-Szatmár-Bereg vármegye,"Szabolcs-Szatmár-Bereg vármegye, 06. számú egyéni választókerület",PARÉ ATTILA,Mi Hazánk Mozgalom,2552,False
Szabolcs-Szatmár-Bereg vármegye,"Szabolcs-Szatmár-Bereg vármegye, 06. számú egyéni választókerület",TÓTH TAMARA,Magyar Kétfarkú Kutya Párt,225,False
Szabolcs-Szatmár-Bereg vármegye,"Szabolcs-Szatmár-Bereg vármegye, 06. számú egyéni választókerület",FARKAS KÁLMÁN,Demokratikus Koalíció,196,False
Szabolcs-Szatmár-Bereg vármegye,"Szabolcs-Szatmár-Bereg vármegye, 06. számú egyéni választókerület",LAKATOS ATTILA,Független jelölt,150,False
Szabolcs-Szatmár-Bereg vármegye,"Szabolcs-Szatmár-Bereg vármegye, 06. számú egyéni választókerület",KISS SÁNDOR,Jobbik Magyarországért Mozgalom,137,False
Szabolcs-Szatmár-Bereg vármegye,"Szabolcs-Szatmár-Bereg vármegye, 06. számú egyéni választókerület",HUPEK JÁNOS,A SZOLIDARITÁS PÁRTJA-Magyar Munkáspárt,27,False
Tolna vármegye,"Tolna vármegye, 01. számú egyéni választókerület",SÁROSI JÓZSEF,Tisztelet és Szabadság Párt,23026,True
Tolna vármegye,"Tolna vármegye, 01. számú egyéni választókerület",HORVÁTH ISTVÁN,FIDESZ - Magyar Polgári Szövetség-Kereszténydemokrata Néppárt,17654,False
Tolna vármegye,"Tolna vármegye, 01. számú egyéni választókerület",BAKÓ NORBERT,Mi Hazánk Mozgalom,3224,False
Tolna vármegye,"Tolna vármegye, 01. számú egyéni választókerület",PÉTERFALVINÉ KALMÁR PIROSKA,Demokratikus Koalíció,431,False
Tolna vármegye,"Tolna vármegye, 01. számú egyéni választókerület",FARKAS LÁSZLÓ,Magyar Kétfarkú Kutya Párt,280,False
Tolna vármegye,"Tolna vármegye, 01. számú egyéni választókerület",NAGY TAMÁS,A SZOLIDARITÁS PÁRTJA-Magyar Munkáspárt,36,False
Tolna vármegye,"Tolna vármegye, 02. számú egyéni választókerület",SZIJJÁRTÓ GÁBOR,Tisztelet és Szabadság Párt,20087,True
Tolna vármegye,"Tolna vármegye, 02. számú egyéni választókerület",CSIBI KRISZTINA,FIDESZ - Magyar Polgári Szövetség-Kereszténydemokrata Néppárt,19433,False
Tolna vármegye,"Tolna vármegye, 02. számú egyéni választókerület",DÚRÓ DÓRA,Mi Hazánk Mozgalom,3113,False
Tolna vármegye,"Tolna vármegye, 02. számú egyéni választókerület",TAKÁCS LÁSZLÓ,Demokratikus Koalíció,359,False
Tolna vármegye,"Tolna vármegye, 02. számú egyéni választókerület",KECSKEMÉTI ISTVÁN,Jobbik Magyarországért Mozgalom,69,False
Tolna vármegye,"Tolna vármegye, 02. számú egyéni választókerület",CSATÓ DÁNIEL,A SZOLIDARITÁS PÁRTJA-Magyar Munkáspárt,62,False
Tolna vármegye,"Tolna vármegye, 03. számú egyéni választókerület",CSEH TAMÁS,Tisztelet és Szabadság Párt,20880,True
Tolna vármegye,"Tolna vármegye, 03. számú egyéni választókerület",SÜLI JÁNOS,FIDESZ - Magyar Polgári Szövetség-Kereszténydemokrata Néppárt,19987,False
Tolna vármegye,"Tolna vármegye, 03. számú egyéni választókerület",JANECSKA ZOLTÁN,Mi Hazánk Mozgalom,2662,False
Tolna vármegye,"Tolna vármegye, 03. számú egyéni választókerület",DOBOS ERZSÉBET,Demokratikus Koalíció,416,False
Tolna vármegye,"Tolna vármegye, 03. számú egyéni választókerület",SZARKA SÁNDOR,A SZOLIDARITÁS PÁRTJA-Magyar Munkáspárt,87,False
Tolna vármegye,"Tolna vármegye, 03. számú egyéni választókerület",BENCZE JÁNOS,Jobbik Magyarországért Mozgalom,0,False
Vas vármegye,"Vas vármegye, 01. számú egyéni választókerület",RÁPLI RÓBERT,Tisztelet és Szabadság Párt,31847,True
Vas vármegye,"Vas vármegye, 01. számú egyéni választókerület",VÁMOS ZOLTÁN,FIDESZ - Magyar Polgári Szövetség-Kereszténydemokrata Néppárt,21558,False
Vas vármegye,"Vas vármegye, 01. számú egyéni választókerület",DANKA LAJOS,Mi Hazánk Mozgalom,2652,False
Vas vármegye,"Vas vármegye, 01. számú egyéni választókerület",KÓBER GYÖRGY MÁRK,Magyar Kétfarkú Kutya Párt,491,False
Vas vármegye,"Vas vármegye, 01. számú egyéni választókerület",CZEGLÉDY CSABA,Független jelölt,0,False
Vas vármegye,"Vas vármegye, 02. számú egyéni választókerület",ÁGH PÉTER,FIDESZ - Magyar Polgári Szövetség-Kereszténydemokrata Néppárt,25700,True
Vas vármegye,"Vas vármegye, 02. számú egyéni választókerület",STROMPOVÁ VIKTÓRIA,Tisztelet és Szabadság Párt,25452,False
Vas vármegye,"Vas vármegye, 02. számú egyéni választókerület",DALA FERENC,Mi Hazánk Mozgalom,3069,False
Vas vármegye,"Vas vármegye, 02. számú egyéni választókerület",MAGYAR PÉTER,Független jelölt,909,False
Vas vármegye,"Vas vármegye, 02. számú egyéni választókerület",DEÁK GÁBOR,Demokratikus Koalíció,440,False
Vas vármegye,"Vas vármegye, 03. számú egyéni választókerület",V.NÉMETH ZSOLT,FIDESZ - Magyar Polgári Szövetség-Kereszténydemokrata Néppárt,26186,True
Vas vármegye,"Vas vármegye, 03. számú egyéni választókerület",HORVÁTH NÁNDOR ZSOLT,Tisztelet és Szabadság Párt,23226,False
Vas vármegye,"Vas vármegye, 03. számú egyéni választókerület",TAKÁCS IMRE FERENC,Mi Hazánk Mozgalom,3220,False
Vas vármegye,"Vas vármegye, 03. számú egyéni választókerület",LUDVÁN ZSOLT LÁSZLÓ,Demokratikus Koalíció,419,False
Vas vármegye,"Vas vármegye, 03. számú egyéni választókerület",DEÁK LAJOS,Jobbik Magyarországért Mozgalom,165,False
Veszprém vármegye,"Veszprém vármegye, 01. számú egyéni választókerület",GÁSPÁR LEVENTE,Tisztelet és Szabadság Párt,33205,True
Veszprém vármegye,"Veszprém vármegye, 01. számú egyéni választókerület",OVÁDI PÉTER,FIDESZ - Magyar Polgári Szövetség-Kereszténydemokrata Néppárt,20294,False
Veszprém vármegye,"Veszprém vármegye, 01. számú egyéni választókerület",LÁSZLÓ PÉTER,Mi Hazánk Mozgalom,2871,False
Veszprém vármegye,"Veszprém vármegye, 01. számú egyéni választókerület",HRABOVSZKI LÁSZLÓ,Demokratikus Koalíció,516,False
Veszprém vármegye,"Veszprém vármegye, 01. számú egyéni választókerület",SZÜCS ZOLTÁN,Magyar Kétfarkú Kutya Párt,510,False
Veszprém vármegye,"Veszprém vármegye, 01. számú egyéni választókerület",BUCZKÓ RÉKA,Jobbik Magyarországért Mozgalom,64,False
Veszprém vármegye,"Veszprém vármegye, 02. számú egyéni választókerület",FORSTHOFFER ÁGNES,Tisztelet és Szabadság Párt,34477,True
Veszprém vármegye,"Veszprém vármegye, 02. számú egyéni választókerület",HEGEDŰS BARBARA,FIDESZ - Magyar Polgári Szövetség-Kereszténydemokrata Néppárt,21304,False
Veszprém vármegye,"Veszprém vármegye, 02. számú egyéni választókerület",SZABÓ MIKLÓS,Mi Hazánk Mozgalom,3336,False
Veszprém vármegye,"Veszprém vármegye, 02. számú egyéni választókerület",PAÁL GÉZA,Demokratikus Koalíció,538,False
Veszprém vármegye,"Veszprém vármegye, 02. számú egyéni választókerület",KISS LÍVIA,Magyar Kétfarkú Kutya Párt,457,False
Veszprém vármegye,"Veszprém vármegye, 02. számú egyéni választókerület",GŐDÉNY GYÖRGY,Normális Élet Pártja,72,False
Veszprém vármegye,"Veszprém vármegye, 03. számú egyéni választókerület",BALATINCZ PÉTER,Tisztelet és Szabadság Párt,28223,True
Veszprém vármegye,"Veszprém vármegye, 03. számú egyéni választókerület",NAVRACSICS TIBOR,FIDESZ - Magyar Polgári Szövetség-Kereszténydemokrata Néppárt,20749,False
Veszprém vármegye,"Veszprém vármegye, 03. számú egyéni választókerület",GERGELICS ÁDÁM,Mi Hazánk Mozgalom,2396,False
Veszprém vármegye,"Veszprém vármegye, 03. számú egyéni választókerület",BAKK ISTVÁN,Demokratikus Koalíció,535,False
Veszprém vármegye,"Veszprém vármegye, 03. számú egyéni választókerület",NÉMETH KÁROLY,Független jelölt,247,False
Veszprém vármegye,"Veszprém vármegye, 03. számú egyéni választókerület",FÜLÖP LÁSZLÓNÉ,Jobbik Magyarországért Mozgalom,78,False
Veszprém vármegye,"Veszprém vármegye, 03. számú egyéni választókerület",VINCZE OLGA,A SZOLIDARITÁS PÁRTJA-Magyar Munkáspárt,34,False
Veszprém vármegye,"Veszprém vármegye, 03. számú egyéni választókerület",SÁNDOR BALÁZS,Magyar Kétfarkú Kutya Párt,0,False
Veszprém vármegye,"Veszprém vármegye, 04. számú egyéni választókerület",UJVÁRI SZILVIA,Tisztelet és Szabadság Párt,25455,True
Veszprém vármegye,"Veszprém vármegye, 04. számú egyéni választókerület",TAKÁCS PÉTER,FIDESZ - Magyar Polgári Szövetség-Kereszténydemokrata Néppárt,22881,False
Veszprém vármegye,"Veszprém vármegye, 04. számú egyéni választókerület",NARDAI PÉTER,Mi Hazánk Mozgalom,3028,False
Veszprém vármegye,"Veszprém vármegye, 04. számú egyéni választókerület",MOLNÁR BÁLINT,Demokratikus Koalíció,674,False
Veszprém vármegye,"Veszprém vármegye, 04. számú egyéni választókerület",DOMJÁN ÁKOS DONÁT,Magyar Kétfarkú Kutya Párt,277,False
Veszprém vármegye,"Veszprém vármegye, 04. számú egyéni választókerület",HORTOBÁGYI KATALIN,Jobbik Magyarországért Mozgalom,79,False
Zala vármegye,"Zala vármegye, 01. számú egyéni választókerület",NAGY MÁRTA,Tisztelet és Szabadság Párt,30995,True
Zala vármegye,"Zala vármegye, 01. számú egyéni választókerület",SZILASI GÁBOR,FIDESZ - Magyar Polgári Szövetség-Kereszténydemokrata Néppárt,24981,False
Zala vármegye,"Zala vármegye, 01. számú egyéni választókerület",FARKAS ATTILA,Mi Hazánk Mozgalom,2906,False
Zala vármegye,"Zala vármegye, 01. számú egyéni választókerület",PAPP ZOLTÁN,Demokratikus Koalíció,465,False
Zala vármegye,"Zala vármegye, 01. számú egyéni választókerület",JUHÁSZ VERONIKA,Magyar Kétfarkú Kutya Párt,393,False
Zala vármegye,"Zala vármegye, 01. számú egyéni választókerület",KOLTAI TIBOR,Független jelölt,392,False
Zala vármegye,"Zala vármegye, 01. számú egyéni választókerület",BORSOS GYULA ZOLTÁN,Jobbik Magyarországért Mozgalom,0,False
Zala vármegye,"Zala vármegye, 02. számú egyéni választókerület",VARGA BALÁZS,Tisztelet és Szabadság Párt,27981,True
Zala vármegye,"Zala vármegye, 02. számú egyéni választókerület",NAGY BÁLINT,FIDESZ - Magyar Polgári Szövetség-Kereszténydemokrata Néppárt,25863,False
Zala vármegye,"Zala vármegye, 02. számú egyéni választókerület",KISS FERENC,Mi Hazánk Mozgalom,3327,False
Zala vármegye,"Zala vármegye, 02. számú egyéni választókerület",LISZKAI ERZSÉBET,Demokratikus Koalíció,483,False
Zala vármegye,"Zala vármegye, 02. számú egyéni választókerület",KÓKAI MÁTYÁS,Magyar Kétfarkú Kutya Párt,400,False
Zala vármegye,"Zala vármegye, 02. számú egyéni választókerület",JUHÁSZ-BAUER ÁGOSTON BÁLINT,Jobbik Magyarországért Mozgalom,144,False
Zala vármegye,"Zala vármegye, 03. számú egyéni választókerület",LOVKÓ CSABA,Tisztelet és Szabadság Párt,30369,True
Zala vármegye,"Zala vármegye, 03. számú egyéni választókerület",CSERESNYÉS PÉTER,FIDESZ - Magyar Polgári Szövetség-Kereszténydemokrata Néppárt,20282,False
Zala vármegye,"Zala vármegye, 03. számú egyéni választókerület",MATYIJCSIK SÁNDOR,Mi Hazánk Mozgalom,3297,False
Zala vármegye,"Zala vármegye, 03. számú egyéni választókerület",BODÓ LÁSZLÓ,Demokratikus Koalíció,793,False
Zala vármegye,"Zala vármegye, 03. számú egyéni választókerület",SZABÓ LÁSZLÓ JÓZSEF,A SZOLIDARITÁS PÁRTJA-Magyar Munkáspárt,111,False
