[{"id": 1, "name": "jack", "fullname": "Jack Jones"}, {"id": 2, "name": "jill", "fullname": "jill doe"}, {"id": 3, "name": "james", "fullname": "james doe"}, {"id": 4, "name": "john", "fullname": "john doe"}, {"id": 5, "name": "joe", "fullname": "joe doe"}, {"id": 6, "name": "bela", "fullname": "bena bela"}, {"id": 7, "name": "bela", "fullname": "bena bela"}, {"id": 8, "name": "bela", "fullname": "bena bela"}, {"id": 9, "name": "bela", "fullname": "bena bela"}, {"id": 10, "name": "abel", "fullname": "abel"}]